Source,Target
3367084329,1216408198552281088
995604886409695233,951353809955061760
995604886409695233,912951056019181568
3367084329,1079274338111709185
995604886409695233,1548367159
995604886409695233,20446102
995604886409695233,104505164
995604886409695233,995604886409695233
995604886409695233,578257014
995604886409695233,112153936
56077161,535554692
995604886409695233,812043847433916416
432647972,3387591993
995604886409695233,1228210045
1198373197059678208,2556071143
902928818452738048,819535545827201024
114508061,9979022
17803524,789094371551485953
114508061,522645008
114508061,2774702928
1198373197059678208,1222288668074954752
432647972,432647972
72816261,1111621333593411584
432647972,811735244093194240
790648417835941888,1341686353
844091927062568960,158675345
357072283,1056879457791864837
357072283,1075268006
17803524,1200055234917289985
114508061,2647210962
114508061,305157502
1035588419597099008,454775507
995604886409695233,1116340681130356736
844091927062568960,776434061468246016
21102594,1119922741
732502888413421568,72323513
2227711330,2400349604
2227711330,887456527
2227711330,374678484
2227711330,270033118
2227711330,1111011112609333249
2227711330,1084956681308696576
2227711330,1519266373
2227711330,3014575779
995604886409695233,607138585
17803524,25143146
2292708058,1201140821720027136
85651556,1228039433464664064
99674560,1011050547749638144
732502888413421568,434118245
732502888413421568,1006904628439601152
146569971,937722899024302080
863352182,2565366666
99674560,19642373
99674560,3732897196
995604886409695233,4403937617
2780869477,2397761965
2433596248,2433596248
1101354170,863352182
99674560,714307909
2473947624,1114816135
90524645,3292047101
74720685,1091565476
14674814,966349808389771268
1122808076191633408,244425210
977959859068002304,823506367940018176
74720685,66328689
114508061,594739035
114508061,387914765
29268491,4825537575
1198373197059678208,519434050
995604886409695233,1583737118
884290494,3362833389
394247490,23656660
114508061,934851121046282240
3367084329,17757005
432647972,2902468335
995604886409695233,17175685
99674560,28520780
541226942,541226942
881455233620221952,1117384944274354176
383950665,493466780
21102594,125570941
1198373197059678208,55443555
589148754,3297659199
90524645,782349601059790848
99674560,138230769
99674560,952148228673343488
812043847433916416,995604886409695233
2292708058,3423828239
2292708058,1228582017962565634
812043847433916416,2499433442
90524645,4684383282
51661036,35421042
99674560,99674560
90524645,928335582136295424
2292708058,780494751078486016
195760172,38498398
99674560,634338098
57589796,169504900
114508061,210354218
99674560,283637021
532237209,3058497401
21102594,872404546626211840
2433596248,757946073558245376
90524645,2690770503
357072283,1205959012442869762
25531576,532237209
1091565476,621840170
1198373197059678208,2460335661
995604886409695233,994184803124744192
21102594,483886228
2227711330,2745302313
1198373197059678208,1186318251212640261
3344123464,1129087959339327488
37893536,1094001620365574146
2292708058,4184345657
90524645,1131635826767597569
37893536,948174042720342016
1091565476,144841025
19767546,20663834
472167838,30697738
90524645,43541540
1107434773,111291976
90524645,240351468
2149170848,94063966
1028013247,1105894085108350977
1198373197059678208,22184701
1198373197059678208,870740943900692481
1198373197059678208,40210586
2152895365,196317673
1198373197059678208,862776726568534021
1198373197059678208,717751146
1198373197059678208,408711479
472167838,450534750
24150568,1189965390010605568
2455165957,7551182
472167838,1220503880766611456
62814736,819190565585768449
812043847433916416,2685425294
123942210,812043847433916416
2227711330,250074636
472167838,281555005
472167838,726120281597743104
1198373197059678208,2774702928
121690511,1171416223067844610
385660974,998927865218523137
995604886409695233,2934175713
3367084329,98696625
99674560,90272103
8720562,2292708058
294120449,981153895778054144
732502888413421568,1158227839419932672
106053,25701007
2152983800,589388653
1028013247,735179432420315136
106053,2762197558
1107434773,749270273401159681
106053,846711691744292865
21102594,3785009915
2322603341,72816261
2627650517,1150435944232865794
732502888413421568,4248322223
823506367940018176,977959859068002304
862742168,883585404363997184
2227711330,1054447446036828160
2292708058,4891172542
357072283,4891172542
85651556,549164622
430595346,1101139828442386437
132989193,1221562441013846019
428470798,90709592
21102594,108410287
21102594,696358775645671425
748219746714271744,993064713645936640
99674560,924146540687577088
357072283,4695659965
972027361863634944,1222412724707188740
2562959317,57661478
357072283,909125439343534080
85651556,210630136
3367084329,723134282
3175653939,1089486059208167429
1107434773,2328942513
2468099712,926035753129447424
1198373197059678208,1238529541
472167838,474225740
828539338464047104,177650297
1028013247,707933844448677889
1028013247,1182696045890981888
432647972,875034856803250181
748219746714271744,1155263333043515393
2780869477,1219653971809357824
995604886409695233,1119578288324788224
2227711330,500096388
2227711330,900242237329727488
2227711330,1220010928743337988
2227711330,256508868
2227711330,909892037583007744
2227711330,85143600
2227711330,550460960
2227711330,1070395666919235584
2227711330,337170481
2227711330,3342372387
90524645,335324325
1028013247,99734332
1107434773,1065487260
1107434773,1310771941
1198373197059678208,3438159443
90524645,1177259317906608128
108076897,1011150645523550208
472167838,1058014054357364736
767648437319892992,177650297
1028013247,947247519473569792
50585220,2180938196
589148754,997446986696708096
1028013247,58032404
732502888413421568,1231343507408924675
1107434773,121201803
1028013247,883585404363997184
1107434773,1000065622758305792
1028013247,1385192168
3986961131,3293395671
2499839022,765952051016765441
90524645,883585404363997184
1107434773,204836588
1028013247,2562140345
1028013247,756887238915522560
62814736,2592815799
430595346,335324325
1028013247,14211388
2227711330,1082670923331833856
20523846,950759996471603200
90524645,4236401613
21102594,873093753992486914
114508061,2637537674
21102594,23425162
90524645,1158005065812238336
21102594,1001376442347868161
1093090475375058944,102088016
21102594,996708548104081409
4891515585,1155455253162188800
90524645,2173312541
109214716,35876756
1002122162986192896,213994982
2433596248,3204104200
472167838,137264761
326372648,196317673
432647972,1206920786415693825
472167838,1098676782516092928
1122808076191633408,564146741
2227711330,865225345
812043847433916416,812043847433916416
17717287,1162013675755995137
2227711330,745209641341157376
1028013247,1627559004
472167838,50947797
1107434773,482969914
1107434773,498234828
589148754,979371606740033536
2227711330,151820195
21209555,1101510734989672449
90524645,117739026
1218158554458329088,58126102
589148754,388351722
21102594,187519663
472167838,551981048
90524645,213369238
106053,985471159427887105
589148754,211158986
114508061,904241034808500224
274669412,898980210321870848
109214716,43218906
2227711330,417070549
2227711330,1080925821941018624
2227711330,380526746
430595346,250197718
274669412,1103284353105158144
2728393181,473725876
90524645,1159948482
90524645,903269986369667072
24150568,1673285162
1107434773,2261320772
21102594,22914851
1028013247,2778271962
172884537,989937997335465985
90524645,714386061833728001
90524645,253322894
1107434773,2367080816
1276151,98723735
1107434773,796392465590874114
3175653939,1099003967269421057
1118032980998533120,1118032980998533120
589148754,1140251622
2455165957,187519663
50585220,2194717111
299650387,187471707
1198373197059678208,848567094102941696
1028013247,348123655
472167838,1056326258
589148754,796227264975347712
21102594,32802853
1199772294756945922,24194455
274669412,2237863192
50585220,438064528
1107434773,330961915
1107434773,542998145
1198373197059678208,757204857686196224
90524645,622295735
90524645,262337822
274669412,1198201693550366722
274669412,1095726421467631616
99674560,856562479429812226
109214716,305230639
109214716,747059388
109214716,825421590
274669412,50324911
51241574,3880324047
1162879711191719938,808792399698948097
1162879711191719938,995750779276414978
90524645,951051508321345536
1162879711191719938,40856839
1162879711191719938,710092536
1162879711191719938,891171593392705537
21102594,326372648
864682641030750208,2932410160
767648437319892992,19701432
732502888413421568,54971677
21102594,230685181
767648437319892992,4178059756
732502888413421568,1054714323464011777
274669412,3026990185
90524645,2284172952
109214716,108090268
109214716,608266709
109214716,1286847145
274669412,3752296169
109214716,809086073200578560
99674560,2358562603
109214716,67018124
2227711330,160880868
2227711330,397175137
2227711330,442235388
2227711330,540096989
2227711330,1123342494933094400
2227711330,115963795
2227711330,1151833151137865730
2227711330,594445960
919825493117022208,757922999769133056
90524645,1158642693544775681
21102594,930452220
700503483,625790350
24150568,897503068262195202
24150568,878258751731585026
24150568,3120819424
17717287,922083786
21102594,17895861
17717287,1097773939672182784
21102594,4708075047
862742168,91058923
21102594,3675550097
17717287,788844045489606656
2728393181,21102594
3131044486,961259625717944320
21209555,224218685
2728393181,108410287
21102594,473725876
2227711330,1386751423
2227711330,476108091
2227711330,1231138587254587393
2227711330,1211652328123584517
2227711330,2267439201
2227711330,1615187545
2227711330,447513293
2227711330,2250109702
2227711330,255516922
2227711330,1278154866
2227711330,3064825125
2227711330,1235964151
2227711330,144213581
2227711330,939250620611080192
2227711330,431753835
37893536,1127541468288077825
2227711330,54964317
2227711330,1329477768
2227711330,836271002
21102594,3862364523
21102594,2728393181
21209555,1231884590236737536
21102594,22904974
21102594,1028233366594904064
21209555,138762178
21102594,22911395
17717287,1105580582
21102594,712229995960258560
21102594,1218890581897818113
17717287,73402961
90524645,2262514882
2227711330,49318571
2227711330,908276504701829120
2227711330,215280359
2227711330,3242441212
2227711330,266066911
2227711330,2245999991
2227711330,494813245
2227711330,1220464856782065669
2227711330,440129638
2227711330,978638220031381509
2227711330,358242321
2227711330,763468866802577408
2227711330,900296325006331904
2227711330,848537311935700992
2227711330,91967472
2227711330,1081889396150988800
2227711330,606225782
109214716,122459898
21102594,740911645233455104
732502888413421568,848855280490250241
24150568,428136053
24150568,192188683
1162879711191719938,2970182663
62814736,3120222054
114508061,3088264966
51029096,19876152
91147932,3131650815
2627650517,2627650517
17863773,17863773
30186603,391424411
62814736,1074959761886625793
24150568,371654181
851496036472324098,3312109493
17717287,947296560
114508061,204698104
393433404,832777227049762816
114508061,117739026
2227711330,1079810941204791296
62814736,52840792
114508061,1161305651202727936
2227711330,466913375
2227711330,701115062
2227711330,853374318
2227711330,1033505748372910080
2227711330,394729845
1198373197059678208,712337840642908160
2227711330,816408959326294016
2227711330,2177793898
2227711330,956123963251445761
1128378488849879040,63764458
111045376,1028263085235208192
114508061,320510943
30186603,902085877
977959859068002304,2328931053
114508061,244329279
114508061,224073436
90524645,899308266748080128
17717287,272635271
21102594,1075015663431901185
17803524,215972771
432647972,3064277289
17717287,1227258704581529603
17717287,4607045536
239097889,2728393181
2627650517,942826806192861185
2227711330,989142186364108800
2227711330,198959588
2227711330,827534299
2227711330,2792707342
2227711330,550370900
97530140,1039971424713273346
1162879711191719938,725832018492329984
1162879711191719938,955745235493179392
794631618,37893536
1162879711191719938,1049003759156842500
1162879711191719938,2308193999
1162879711191719938,1156543254290153473
2227711330,1544336527
2227711330,2284152576
2227711330,2903541269
1162879711191719938,1091720588987645953
274669412,1465405597
114508061,787774580
1162879711191719938,51558022
1162879711191719938,3922195888
732502888413421568,296426654
2627650517,973204503729262599
430595346,857580423572062209
2433596248,840115289324900355
1947841712,430816526
236131165,1011607261209415680
732502888413421568,20133537
326372648,944881755097653248
2227711330,2759169553
2227711330,2749896161
2227711330,1212342379
2227711330,1612753232
2227711330,1125264336006668294
2227711330,432397706
41116723,24150568
2227711330,2194263917
2227711330,908360556012359680
2227711330,96733636
2227711330,3155700550
2227711330,4908665781
2227711330,257511513
732502888413421568,2217387840
862742168,862742168
90524645,44728165
90524645,56692061
1198373197059678208,3089834268
1198373197059678208,1227314776033910790
1198373197059678208,707696955
1198373197059678208,1075268006
472167838,1416600151
1198373197059678208,2358645936
1198373197059678208,1576059210
1198373197059678208,1188604977226362882
1198373197059678208,158765650
1198373197059678208,18074999
1198373197059678208,384947932
1198373197059678208,961312663
1198373197059678208,2373416725
15161903,966357919141908481
1198373197059678208,3197463603
1107434773,750211182
1107434773,754763889485684736
1028013247,1034395894718898176
1198373197059678208,1226731
1107434773,2361503090
1028013247,741264570015227905
25101190,181502573
1198373197059678208,793400734104641537
1198373197059678208,2540419111
1198373197059678208,2426624770
10228272,2214186154
90524645,139712936
1118032980998533120,571975823
1107434773,1146782149695160320
21102594,1894909304
21102594,956055966
90524645,1213850759311151104
21102594,15841823
21102594,841599770095452160
2227711330,367671107
2227711330,405882241
2227711330,2988156621
2227711330,426987849
2227711330,1047925196064284674
2227711330,1408543448
2227711330,3090669582
2227711330,632055368
2227711330,1022051043276980224
2227711330,87408079
2227711330,2570353677
2227711330,4785762898
2227711330,428516674
2227711330,524159323
2227711330,329950222
2227711330,945216586251689984
2227711330,48800564
21102594,1047787949067264000
21102594,772395105223344128
21102594,538231511
21102594,2616872468
90524645,1004900589678071808
90524645,1212451510954549248
90524645,522645008
90524645,80833793
767648437319892992,830850248
767648437319892992,250127093
2227711330,4228321696
2227711330,340196914
326372648,4891172542
2227711330,1579923498
21102594,1212682432232583168
2728393181,1212682432232583168
919825493117022208,1093805677045268480
54971677,763977862445539328
17717287,25091723
767648437319892992,4147486611
767648437319892992,700672788932071426
132989193,1173902675076964352
21102594,1186948937422376960
54971677,768899816
79124132,3300158446
2227711330,239754039
2227711330,390225717
2227711330,1161155007611310080
2227711330,389691755
2227711330,356103190
2227711330,1184745378668830726
2227711330,1341462944
2876416811,914697721
2227711330,488724989
1105218582,914697721
2227711330,885789131703537664
2227711330,69598685
2227711330,193818950
2227711330,75638085
2227711330,25736775
2227711330,1158330440094277633
2227711330,422510771
2227711330,283080198
21102594,391424411
2227711330,437365313
430595346,1012593655260041216
1020200431,473725876
54971677,14259990
21102594,717221771963998208
3155944905,2728393181
712239480489508869,281983000
2227711330,4364237475
2227711330,1493205397
2227711330,995834874
1542862735,169132020
1162879711191719938,1556170044
90524645,21102594
169132020,1174711912543772673
287084358,90709592
1020200431,172875122
1198373197059678208,1028263085235208192
1198373197059678208,1100741688975392769
2227711330,614443056
1198373197059678208,973509128189546497
1198373197059678208,2772357923
17717287,3454617676
1198373197059678208,1212935802037997569
2227711330,1173143898459398144
1198373197059678208,1223786536224854017
1198373197059678208,1086580311931191296
1198373197059678208,29426023
1198373197059678208,1585473842
1198373197059678208,4238747237
1198373197059678208,1039964214
1198373197059678208,2319593496
2455165957,732696821626179584
732502888413421568,1197472679672070146
1198373197059678208,227889765
21102594,883585404363997184
2227711330,965294487554740225
2227711330,282912700
2227711330,764261361044037632
3002862341,4078421
114508061,889937894202363904
21102594,1338056780
21102594,2582155903
21102594,2478349112
4078421,1170419673067872256
1049563182740774912,84260553
144815882,4248965571
2227711330,1020349367859990529
2227711330,1110980704316342272
2227711330,2207733949
2227711330,480740669
2227711330,48461963
2227711330,431764876
2227711330,3997977496
2227711330,1443277326
2227711330,2804233346
2227711330,770738707838173189
2227711330,1050823927382069251
2227711330,72246169
2227711330,211834139
2227711330,120531227
2227711330,1361994499
2227711330,1055863542023360512
2227711330,4708550595
2227711330,161769014
2227711330,1161537993943003136
2227711330,905057639121522688
2227711330,1251089251
2227711330,703878828
150725695,1219920609334919168
21102594,793132699347279872
17717287,247193590
2473947624,2473947624
62814736,1024562464388726785
732502888413421568,22914851
1049563182740774912,572391626
21102594,2262514882
17803524,196317673
4078421,843084132414570496
4078421,719504461211832320
4078421,941330874498416640
600345740,2433596248
24150568,1361415758
24150568,982464824
24150568,793400734104641537
919825493117022208,1205897094092984321
24150568,2301925466
38846238,14341194
90524645,1334295828
2227711330,240710359
2227711330,1161220753485893632
2227711330,50975033
2227711330,969960883072983040
2227711330,220298045
102939601,539293857
21102594,3094105661
2227711330,402821533
2227711330,1177051177
2227711330,1106188385591402496
2227711330,2249068752
2227711330,1043099688
2227711330,192948690
2227711330,862699241793351680
2227711330,164290535
2227711330,73169082
2227711330,1961297834
24150568,913837824138457088
21102594,2834735661
21102594,352607567
17717287,968616575623401473
21102594,732502888413421568
21102594,23772185
21102594,955745235493179392
862595013661925376,950724820991447040
21102594,2981863919
24150568,2173312541
38846238,855819511450226688
24150568,352607567
700503483,497066585
59091405,2227711330
57661478,47960452
24150568,836127782
2227711330,304622187
2227711330,220419757
2227711330,17649573
2227711330,729638557992759296
2227711330,378489654
2227711330,2317745146
2227711330,437041156
2227711330,1098307907823824896
326372648,591422285
2227711330,3266058196
2227711330,2578781960
2227711330,1274984845
2227711330,1289341622
2227711330,614696833
2227711330,4322729115
2227711330,2735301707
2227711330,455667935
2227711330,53994592
127505577,2616872468
2227711330,282643059
21102594,799178931085643776
21102594,221339689
2227711330,431454179
24150568,1102533622584786945
24150568,1142141457555496960
2227711330,1605634177
2227711330,739803742602678272
109214716,1153997250298695680
2227711330,3183749405
2227711330,1160560221560942592
2227711330,1588279261
2227711330,1872107335
2227711330,82565367
2227711330,2814991504
2227711330,754403068725301249
2227711330,962989620
2227711330,2353478952
2227711330,395993825
2227711330,2214232422
2227711330,444225252
2227711330,4063380377
2227711330,266223351
2227711330,871272059623624704
2227711330,1066798735785689089
2227711330,2199548284
385269652,1228970603232792576
430595346,748938940208582657
114508061,1141733765477277696
90524645,2827108294
2932410160,1223307253236817922
977959859068002304,1186318251212640261
2627650517,860159705192292352
732502888413421568,1140277666970570754
2227711330,1314974208
2227711330,1275426734
2227711330,972776160701665280
2227711330,478007891
2227711330,1086910918875856896
2227711330,3618321977
2227711330,1133004105767694337
138203134,1024583004105134080
2227711330,966089415968854016
2227711330,249348861
2227711330,1262817384
17717287,967123451629666306
17717287,831502404868829184
1198373197059678208,897780487380500480
17717287,33128594
1731945072,1731945072
17717287,82306946
17717287,617957237
1364378809,4068487588
472167838,1524783132
2383863565,1219206802358833152
17717287,1322934452
21102594,1625182813
36137912,46922066
17717287,1032954868837830657
17717287,14264097
17717287,56637351
17717287,871105544269873152
1162879711191719938,865513105
17717287,1439310276
17717287,717641555725524992
2191795613,312017402
4068487588,1158828953429258240
2227711330,1052814254
2227711330,884392816499191808
2227711330,1086209325910110208
2227711330,2956358817
275686563,636603
2227711330,3433322345
2227711330,1390233025
2227711330,598536444
2227711330,532920941
2227711330,91565008
2227711330,848977592
2227711330,1179151513308073985
2227711330,1080832789916893185
2227711330,887200172815593473
1198373197059678208,934851121046282240
17717287,2355008339
4814182687,19866185
24150568,326372648
21102594,889937894202363904
2227711330,1723165159
2227711330,1164155588927983616
2227711330,2300078259
2227711330,257572429
2227711330,253724431
2227711330,2479620311
2227711330,860777497016905729
2227711330,2845726755
2227711330,519587717
2227711330,619427761
2227711330,2876346088
2227711330,412918635
2227711330,367820667
2227711330,899952481
2227711330,823176827422343172
2227711330,402867721
2227711330,207490418
2227711330,1186406702
865122032,865122032
21102594,580026542
3367084329,2430772131
117610772,1160559188
2227711330,1331662351
2985479932,37893536
732502888413421568,524148197
24150568,1225688772093722627
47960452,2562959317
3367084329,2185039262
21102594,50585220
2455165957,1061724540672315403
430595346,340493784
2227711330,1021332450893541376
2227711330,1147484682663149571
2227711330,764460277966467072
2227711330,974812265483468800
2227711330,327379455
2227711330,972416048208203776
2227711330,2573378881
2227711330,367732575
2227711330,881825260978528256
2227711330,451428588
2227711330,22006895
2227711330,952461805
2227711330,2942625706
2227711330,22004738
2227711330,213061611
732502888413421568,1069307640
1021122050126229505,1230885933538586624
2455165957,8720562
732502888413421568,1371292238
732502888413421568,779000835313401864
21102594,1223533055002009600
1198373197059678208,22057580
2227711330,763522532
2227711330,343925514
2227711330,131886541
2227711330,4545135683
2227711330,1019284731668594688
2227711330,341760748
2227711330,752893519719694336
2227711330,4069173009
2227711330,1127560747
2227711330,804690201608146944
2227711330,305255857
2227711330,413240349
2227711330,616053761
2227711330,1077801097
2227711330,1320760814
2227711330,1179992876920557568
2227711330,2305468568
2227711330,412264978
2227711330,2682504734
90524645,2227711330
2455165957,153992051
2455165957,754763048037023744
17717287,1013960658826743814
21102594,841718979802628100
21102594,3874205434
732502888413421568,3874205434
1199772294756945922,1127240433254522884
2627650517,2888026811
700503483,4851322871
21209555,1119939902215458817
2227711330,4329057149
2227711330,319685637
2227711330,272506782
2227711330,441973402
2227711330,942524962560266240
2227711330,332301167
2227711330,924611556024967168
2227711330,1003005622978334720
2227711330,1495459368
2227711330,370668796
274669412,1061444319691841536
357072283,1223543377486061569
326372648,1119922741
21102594,3305251281
47960452,57661478
1017406888768462855,1232436827153301504
2152983800,1034879584448245761
2614124372,966349808389771268
132989193,751350358161625089
3131044486,3004639999
17856365,17856365
17717287,1191858527284998144
90524645,919640568128589824
2193500617,2189178445
2193500617,3107574627
2227711330,2596413657
2227711330,555420716
2227711330,3460278626
2227711330,1169979820962385920
326372648,14148294
2227711330,192939414
2227711330,373886604
2876416811,832941372336377857
2227711330,117701249
169504900,310198956
2152983800,1226568082174414853
3131044486,3407282159
21102594,1361415758
310198956,169504900
21102594,181948783
169504900,282634047
1132075837,1087038913
90524645,4891172542
595551879,1673088866
595551879,602794838
868553580818595840,1141108615853617152
1162879711191719938,1013805067315621888
1162879711191719938,1214144317045895169
2227711330,886523896261955585
2227711330,383987887
43083763,1151938477
132989193,1672748778
430595346,137237000
21102594,296426654
14700783,216356102
4068487588,1707837553
1017406888768462855,1230338891330097152
21102594,1047151467252060160
4068487588,1182232516238938112
430595346,1688868080
239097889,3986961131
589148754,884401152284127232
17717287,903335415331086336
430595346,197234726
21102594,146486214
21102594,1106723414
21102594,1200201492411699200
21102594,1173594275940052992
430595346,1189240932689993729
2149170848,938456118312960006
72816261,1197524216205250560
2227711330,4249461693
2227711330,4857980363
2227711330,767680327817039876
2227711330,127240232
2227711330,857638578691723264
2227711330,418248125
2227711330,263275512
2227711330,1124441643212578816
2227711330,751820450
2227711330,1049660266340904960
2227711330,533480083
2227711330,528567978
2227711330,470181196
2227711330,1116618372945338371
2227711330,134559413
2227711330,2214182746
2227711330,3008014558
2227711330,1446345186
3367084329,349049168
90524645,55916990
21102594,2173407034
732502888413421568,125570941
90524645,2877832553
90524645,3407462201
90524645,1231884590236737536
90524645,3300891845
90524645,71282618
24150568,2150981650
90524645,2696309778
21102594,384221408
24150568,712150024797425664
2227711330,992686250
90524645,857836572
2227711330,4221550048
2932410160,1062978561823334400
1016306452791808005,35315838
2932410160,999392583922184192
90524645,1207433145789886469
21102594,919640568128589824
2227711330,995286348729847808
90524645,37925781
90524645,1238447220
90524645,217766062
90524645,1020621505
90524645,909909064162926594
589148754,397174903
90524645,741264570015227905
787649433097961472,1108485751916900358
3367084329,592813162
21102594,3783309502
90524645,36794888
732502888413421568,1214553016826814465
732502888413421568,819462293939519490
2455165957,380397199
917756296555892736,1212451510954549248
732502888413421568,2478349112
2455165957,522645008
90524645,2774702928
21102594,2774702928
2227711330,383414938
17717287,457865456
17717287,957371092544475137
1162879711191719938,2203719557
18047862,1224660672425926656
274669412,997188878
274669412,720692805971132416
114508061,1130821611895033858
2728393181,965145665461522432
2227711330,1188524858742902784
2227711330,298029142
109214716,274141441
274669412,1138860461879955456
109214716,117112549
274669412,2708650710
274669412,2744197724
109575025,2829596064
109214716,153240485
109214716,1699584223
109214716,836311968625610752
109214716,1299792667
732502888413421568,4158425477
109214716,22751050
109214716,1635236654
109214716,83432215
109214716,142549516
2227711330,972865850
3367084329,1161051151070105600
114508061,1207680591925305355
90524645,125570941
114508061,389081753
892018845359198208,426356890
114508061,240351468
274669412,103174937
274669412,2451994034
274669412,1549943022
274669412,949623124483559424
2347049341,636603
2227711330,444094538
2227711330,1279976640
2227711330,1224690304286064640
2227711330,3003254493
2227711330,793367160341094400
2227711330,45443171
2227711330,1086522673
2227711330,495313107
2227711330,3269203362
2227711330,2489640523
2227711330,2288712929
2227711330,402546377
2227711330,1290963050
2227711330,1308751740
2227711330,118128444
2227711330,810901022658953221
2227711330,1478260164
2227711330,1053258748230332416
2227711330,138755995
2227711330,1165420249
2227711330,3170166166
99674560,1195289402
274669412,133576642
2780869477,2217939218
4068487588,57688074
274669412,1113159183946452993
732502888413421568,19529893
977959859068002304,2360255202
2227711330,1091418394631516161
2227711330,887707547284762624
17803524,1030406933512167424
114508061,560962474
274669412,1126981034069909509
21102594,2690770503
114508061,2721878217
274669412,1196581990973280266
114508061,2522751954
274669412,1166767398835216384
2227711330,3242090932
2227711330,770075637591764992
2227711330,2410300840
2227711330,6566022
2227711330,789334368598851584
2227711330,590357970
2227711330,1257742488
99674560,705746275
2227711330,706442659452297216
2227711330,2965907939
2227711330,763694739854090240
2227711330,177905498
2227711330,4657406674
2227711330,3064021768
2227711330,2291902493
114508061,1127606800839266306
274669412,1064698033835696128
274669412,18392798
274669412,512284039
114508061,2827108294
19767546,55916990
274669412,2765105587
90524645,787774580
274669412,1159815683951099904
24150568,2690770503
2227711330,1002921281384304642
2227711330,459335295
2227711330,740799716
2227711330,342251346
2227711330,554504621
2227711330,2875467684
2227711330,1004289348798484480
2227711330,1092776430
2227711330,1106146124606464000
2227711330,1122301550616088578
2227711330,40848331
2227711330,1166066165996765184
99674560,827830917313945601
2227711330,26602444
2227711330,739252137893449728
2227711330,2410781903
2227711330,4367421
2227711330,909698696
2227711330,434839840
2227711330,1132037359
2227711330,1923630582
2227711330,171842705
274669412,2920432206
109214716,86857577
109214716,857321869
274669412,1168953414421757952
274669412,76914429
274669412,4276306814
274669412,1214041652853014528
274669412,3069727257
274669412,363606927
995604886409695233,803132614143946752
274669412,1225437496147894273
66328689,774271
2227711330,243774843
2227711330,998259396684795904
2227711330,15268727
2227711330,292864102
2227711330,523801323
109214716,361225576
2227711330,75248775
2227711330,2830219218
2227711330,1051887048850898946
2227711330,882204132
2227711330,776159898849648640
430595346,1085046995163799552
109214716,815217208859226112
861504176039374848,835093411736793088
109214716,210650083
109214716,489578689
274669412,1032134312286674947
2728393181,352607567
2728393181,1039352144
21102594,1225089362288873474
993945183766175750,977959859068002304
274669412,1164016077132578818
68933252,27800574
2728393181,902085877
1083628690393698305,2728393181
99674560,109728110
99674560,1080514685760430080
2728393181,2301925466
109214716,505917488
109214716,64494578
2227711330,35753203
2227711330,937699493847470080
2227711330,34576174
2227711330,3037994975
2227711330,1709667972
2227711330,4195964895
2227711330,899672546
2227711330,1068211124
2227711330,2853318946
2227711330,303432090
2227711330,3632565147
937722899024302080,167594211
2227711330,280135897
2227711330,1006681369
2227711330,206887544
2227711330,1116301093405958151
2227711330,2586529265
2227711330,199206417
2227711330,1180471037877723139
2227711330,538005892
2227711330,1174975232
2227711330,994020107407056897
2227711330,2927037939
2227711330,707605100
2227711330,463648014
2227711330,1011490686783442944
2227711330,1705628851
2227711330,1041804853
2227711330,1010525673469988864
2227711330,2662279908
2227711330,216308253
2227711330,746263383473799169
2227711330,1027122188896428032
2227711330,589843940
2227711330,267071018
2227711330,405027799
2227711330,2184944111
2227711330,262326778
2227711330,1143625080771088385
2227711330,487830811
2227711330,532145908
2227711330,1067562651436355584
2227711330,724208389
2227711330,1201626273166045185
2227711330,482823439
2227711330,790206792911519744
2227711330,40701365
2227711330,323185910
2227711330,125941209
2227711330,301361724
2227711330,340372357
2227711330,1029121593195343875
2227711330,1134186859846877184
2227711330,1365800478
2227711330,375016406
2227711330,391359371
2227711330,555275359
2227711330,4252136927
2227711330,1192511064790962177
2227711330,596665906
2227711330,414926221
2227711330,1045170446
2227711330,52337911
2227711330,2863869173
2227711330,170019149
2227711330,978137395
2227711330,334149677
2227711330,409900239
2227711330,105418009
2227711330,610972828
2227711330,1019452724
2227711330,1228412495431335936
2227711330,330245226
2227711330,599296094
2227711330,708043991
2227711330,1065254220
2227711330,939404858679091200
2227711330,850734571
2227711330,494305391
2227711330,2660717879
2227711330,1187813266627710977
2227711330,1206257308910718976
2227711330,3317678944
326372648,1846132471
2227711330,1372944860
2227711330,280690401
2227711330,264388143
2227711330,407000871
2227711330,827102761
2227711330,546646837
2227711330,254210313
2227711330,761875782478290944
2227711330,1112492789688868864
2227711330,1013363447843737600
2227711330,1035281744289820673
2227711330,2625355736
2227711330,2937090177
2227711330,496854534
1091565476,601951539
2227711330,396426637
2227711330,430839772
2227711330,97746248
2227711330,493901532
2227711330,418163121
2227711330,709638360415993856
109214716,45857550
2227711330,585916083
2227711330,154664083
2227711330,12395662
2227711330,979342968057487364
2227711330,952054393393831936
326372648,98723735
2227711330,412142178
2227711330,2320874764
2227711330,351678178
2227711330,46096501
2227711330,964598799762120704
2227711330,272065406
2227711330,51875903
2227711330,3178449532
2227711330,1120233303062339584
2227711330,1147501530024685570
109214716,20197770
2227711330,1044511480664780801
2227711330,828610521486258176
2227711330,170703328
2227711330,170729160
2227711330,2972149047
2227711330,494929985
2227711330,3020583010
2227711330,2309331928
2227711330,294825614
109214716,901908457988558849
2227711330,3988651173
2227711330,1001104042376998912
109214716,201104530
2227711330,2227711330
109214716,82170930
90524645,1158227839419932672
109214716,618325939
2227711330,52679914
2227711330,435187030
2227711330,1699795172
2227711330,504558008
2227711330,17053149
2227711330,1187702564944596992
2227711330,1596564828
2227711330,1076068826352099328
2227711330,14830884
2227711330,801895595237670912
2227711330,470443363
2227711330,201718156
2227711330,1041600142787276800
2227711330,787086834
2227711330,1001549014796468225
2227711330,393647707
2227711330,831905911
2227711330,8356242
2227711330,1057882184
2227711330,1160032458
2227711330,602182097
2227711330,128942114
2227711330,478894654
2227711330,1230556524
2227711330,1523261954
2227711330,1227243021885853702
2227711330,771743063303720961
2227711330,723698786
2227711330,1967099384
3367084329,784566226999767040
2227711330,1192453531896352768
2227711330,475884705
2227711330,387067689
2227711330,707180516240396288
2227711330,250811827
2227711330,63766605
2227711330,769997472
2227711330,367637772
2227711330,2345206182
2227711330,422042010
2227711330,56181278
2227711330,996681805230157826
2227711330,194275275
2227711330,1039990243771015168
2227711330,1045575643
2227711330,463020058
2227711330,418135188
2227711330,2760622125
2227711330,1680172700
2227711330,412601910
2227711330,1886064870
2227711330,131315819
2227711330,758409638618497028
2227711330,2688705527
2227711330,103280834
2227711330,729524888
2227711330,1004447636450136064
2227711330,385408308
2227711330,186013975
2227711330,1032260427479244802
2227711330,1247286475
2227711330,895707630722854912
2227711330,511676243
2227711330,29677727
2227711330,3063946601
2227711330,477831284
2227711330,2288167912
17178094,1106132540530872320
2227711330,227632890
2227711330,971283490678374401
2227711330,1159381206238224384
2227711330,73971750
2227711330,1235554272
2227711330,2458220716
2227711330,813813735945105408
109214716,309212747
2227711330,3586257136
2227711330,222139456
2227711330,15249025
2227711330,1366626498
2227711330,284198280
2227711330,29442185
2227711330,110218135
2227711330,1038389942
2227711330,1308445934
2227711330,906352801915314181
2227711330,1326873224
2227711330,837926488821350404
2227711330,436124417
2227711330,883736059334537218
2227711330,336996257
2227711330,173074062
2227711330,810922730350637056
2227711330,492392399
2227711330,866705562049945600
2227711330,552693041
2227711330,923436725573169154
2227711330,393651538
2227711330,439479080
2227711330,1109131712183848960
2227711330,985104084
1105218582,1093805677045268480
2227711330,2862977109
2227711330,1060796228
2227711330,413304307
2227711330,1407784639
2227711330,858748778
2227711330,2176267065
2227711330,147289685
2227711330,3227442150
2227711330,486146467
2227711330,754748554665664512
2227711330,263189382
2227711330,22064540
2227711330,1031944258129997825
299650387,17178094
2227711330,714810108
17178094,884095964730019841
2227711330,366228620
2227711330,981274386
2227711330,293971696
2227711330,2805055606
2227711330,1218934852290072579
2227711330,309878396
2227711330,1057632438938099713
2227711330,381706485
2227711330,439081205
19767546,217766062
2227711330,3026781512
2227711330,2156447281
2227711330,78436182
2227711330,1277289132
2227711330,897417492569751552
2227711330,2256727137
2227711330,2342210876
2227711330,3194573930
2227711330,268773741
2227711330,221114027
2227711330,846019754
2227711330,917018388
17178094,919640568128589824
2227711330,2766471181
2227711330,521421171
2227711330,519601450
2227711330,890843170220765184
2227711330,1208421133445406721
2227711330,485029333
2227711330,1033988489426227200
2227711330,19587683
2227711330,1977621074
2227711330,1032691285
17178094,1191704578884014081
2227711330,456619488
2227711330,2186318777
2227711330,707239417132539908
2227711330,1372682527
2227711330,4227163463
2227711330,384148042
2227711330,560203487
2227711330,944570198
2227711330,361975903
2227711330,573011711
2227711330,958633201
2227711330,3337540222
2227711330,1026457428
2227711330,417893972
2227711330,587887467
2227711330,39240661
2227711330,9584192
2227711330,631950372
90524645,408522952
2227711330,192688721
2227711330,1222238431306227713
2227711330,1214955446
2227711330,481824392
2227711330,4877601425
2227711330,907907828224012288
2227711330,539962117
2227711330,2647427506
2227711330,2992590033
2227711330,256660575
2227711330,2880084795
2227711330,375704282
2227711330,306363599
2227711330,864835383749730305
2227711330,215087363
2227711330,47154019
2227711330,1150021570221547520
2227711330,3939678677
2227711330,939155492705832961
2227711330,437754476
2227711330,893067019
2227711330,3174018327
2227711330,433413611
2227711330,244140469
2227711330,1080459616927039488
2227711330,50598277
2227711330,392987772
2227711330,1005980574
2227711330,3248511540
2227711330,1086700214
2227711330,62942295
2227711330,925457033738047489
2227711330,371820912
2227711330,330532430
2227711330,339094915
2227711330,710556323688157184
2227711330,213054886
2227711330,1573757364
2227711330,807888878979923968
2227711330,1123278787578355712
2227711330,462427721
2227711330,52207353
2227711330,500748464
2227711330,486822096
2227711330,82905612
2227711330,3040064722
2227711330,1556455656
2227711330,1207208042535825408
2227711330,47629372
2227711330,2715017753
2227711330,553114200
2227711330,1165547248173887488
2227711330,70716055
2227711330,708531829
2227711330,231532675
2227711330,859174798437617664
2227711330,738839237919944704
2227711330,2355256140
2227711330,2472591199
2227711330,585677915
2227711330,877535285277597696
2227711330,3371019309
2227711330,2230758237
2227711330,1145374949982556160
2227711330,935441251
2227711330,469651287
2227711330,407223882
2227711330,1022555336463532032
2227711330,488895138
2227711330,269925832
2227711330,25071640
2227711330,1012033926360190977
2227711330,614771274
2227711330,38846888
2227711330,386695561
2227711330,379641776
2227711330,40468570
2227711330,401650330
2227711330,396448393
2227711330,1122148123
2227711330,78600398
2227711330,114730310
2227711330,2180427250
2227711330,4478073616
1091565476,969871723
2227711330,1212689012902641669
2227711330,454398855
2227711330,930194618
2227711330,1088813024
2227711330,151389582
24545954,24545954
2227711330,1968855794
2227711330,2494702278
2227711330,377660882
2227711330,10606682
326372648,1212451510954549248
2227711330,3130741887
2227711330,1909044948
2227711330,964216159536115712
2227711330,1288406971
2227711330,3087331659
2227711330,2611266670
2227711330,1075362769925521410
2227711330,2470692079
2227711330,431012446
326372648,2835088744
2227711330,244596457
2227711330,2260532036
2227711330,2414609995
2227711330,4868368719
2227711330,970095434
326372648,707933844448677889
2227711330,498919261
2227711330,1115878065702408192
2227711330,701445550705606657
2227711330,1004115164
2227711330,63954406
326372648,390624950
2227711330,50346361
2227711330,91598969
2227711330,164270252
2227711330,2787282340
2227711330,428289775
2227711330,1673424528
2227711330,984438752
2227711330,1220036322041176070
2227711330,1083783097869651968
2227711330,541110896
2227711330,413780247
2227711330,25712267
326372648,1142364620138717184
2227711330,513493619
2227711330,2891402991
2227711330,101700279
2227711330,2373478067
2227711330,1723514893
2227711330,1351253532
2227711330,461930607
2227711330,1606477722
2227711330,1448383314
2227711330,912423637604536322
2227711330,30434024
2227711330,460226131
2227711330,223215480
2227711330,173097605
2227711330,65934498
2227711330,2606389745
2227711330,765974953925771266
2227711330,324835987
2227711330,4763666843
2227711330,3375604709
2227711330,132883347
2227711330,2326719880
2227711330,401568347
1198373197059678208,1930020806
2227711330,1708087921
2227711330,465408460
2227711330,475197913
2227711330,30273954
2227711330,1013577343
2227711330,2911280733
2227711330,458374811
2227711330,783978818994307072
2227711330,429837311
2227711330,20302085
2227711330,1148910271
2227711330,883743652664750084
2227711330,832715841082949632
2227711330,2809989688
2227711330,9377292
2227711330,1218106395389767680
2227711330,626501000
2227711330,2310684649
2227711330,839698230
2227711330,369728921
2227711330,1324518260
2227711330,1362735834
2227711330,818599310229172228
2227711330,894992365
2227711330,991447665715052544
2227711330,858972996207353857
2227711330,777506688316411904
2227711330,1039186891369799680
2227711330,195357575
2227711330,486989513
2227711330,1186000383925260288
2227711330,894227537894813696
2227711330,971323446507589632
2227711330,1201482463677239298
2227711330,332723125
2227711330,7414282
2227711330,1318178521
2227711330,991015370
2227711330,1568959117
2227711330,294489889
2227711330,221467030
2227711330,3399075250
2227711330,1063899966
2227711330,440737015
2227711330,140087572
2227711330,910186361940054018
2227711330,972761015669665794
2227711330,41102501
2227711330,1124005006615748610
2227711330,495955614
2227711330,4328992043
2227711330,46368697
2227711330,44846660
732502888413421568,41321848
2838149729,2838149729
2227711330,2253774090
2227711330,1201107356710588416
2227711330,1045017683610267648
2227711330,1916262774
2227711330,1035230581976649734
2227711330,837685604
2227711330,1001196759950004225
2227711330,65853105
109214716,401464281
83578277,1119790290
2227711330,102438323
2227711330,1024050070881271808
2876416811,4891172542
2227711330,282492821
2227711330,2189230435
2227711330,3408780791
2227711330,3139667865
2227711330,4113590303
2227711330,493627374
2227711330,4203238161
2227711330,2289505911
1198373197059678208,1225688772093722627
1198373197059678208,2714205666
2227711330,1017061020
2227711330,448214981
2227711330,396796879
2227711330,4208501391
2227711330,241044776
2227711330,1047987218
2227711330,172278444
2227711330,1216634839929163777
2227711330,309316502
1198373197059678208,498620831
2227711330,952256618263203840
2227711330,397555068
2227711330,235104039
2227711330,1196764755484139523
2227711330,582037496
2227711330,982905199911145472
2227711330,840036044
2227711330,1000081387460988928
2227711330,1474066110
2227711330,440105770
2227711330,510130955
3860447415,2460335661
2227711330,1035166905424863233
2227711330,637100412
1105218582,1181907411550048256
2227711330,1009537143813955584
2227711330,829262267443187712
109214716,779415819126059008
872589567421034496,1030524589313609729
109214716,43650594
109214716,1016661707958243328
90524645,1231146032
90524645,387866747
90524645,757922999769133056
90524645,903909088580575233
90524645,3102352101
90524645,838118886377730048
90524645,1430281794
90524645,2405027166
90524645,732918604061118468
90524645,778123776714219520
2227711330,1149556945621155840
1198373197059678208,1200201492411699200
90524645,3092596282
90524645,924675919578652672
90524645,3053231578
977959859068002304,734648708474802176
90524645,4211098108
2227711330,3171072520
2227711330,903258170214187010
90524645,723210204582666240
90524645,1708221920
90524645,2349314122
90524645,991378769066758144
90524645,781428840711192576
90524645,1070236072737730560
90524645,2364568520
90524645,101432622
90524645,120463423
90524645,1013834405884907521
90524645,3438043463
90524645,1035564177996361729
90524645,20563106
90524645,3067414589
90524645,920008050253139968
90524645,247025827
2227711330,309277206
90524645,560403416
90524645,14148294
90524645,531049636
90524645,227889765
90524645,98723735
90524645,557167140
90524645,1037822730979225601
1028013247,471819557
90524645,962264680659070976
90524645,20591712
90524645,1930020806
90524645,471819557
2227711330,538461403
90524645,473725876
90524645,1049313802578276352
90524645,963031213
90524645,23959373
90524645,77552113
90524645,80890155
90524645,2985512195
90524645,169682851
90524645,1370437022
90524645,360453378
90524645,947889104544509958
90524645,91556686
90524645,1228717975269781505
2227711330,1205543171717025794
2227711330,424410576
90524645,4149568406
3480448577,997551380951859202
90524645,120473628
90524645,328108869
109889428,17461932
90524645,2980254689
90524645,1176116405277773825
90524645,3176482114
90524645,2322278102
90524645,740723155
90524645,115047949
90524645,104228543
90524645,1130503652865650689
90524645,25911311
90524645,843071897965395968
90524645,2243609715
90524645,930825902124093440
90524645,811541688296624128
90524645,905920560
90524645,42046955
2227711330,887008812586160129
90524645,21329011
90524645,80385611
90524645,427300036
90524645,1075323659017961472
90524645,89027492
90524645,756451880541323264
90524645,1096487315021709313
90524645,868670948
90524645,723507361848156160
90524645,756566378593779713
90524645,4684435970
90524645,200459590
90524645,897082956778549249
90524645,1673088866
90524645,942126143980933120
90524645,870323648116256768
2227711330,409105258
90524645,2559387109
90524645,3055982918
90524645,2602925559
90524645,136986000
90524645,408365384
90524645,17924100
90524645,41124846
90524645,32849722
90524645,1010840134219128832
90524645,300899750
90524645,3207861899
2227711330,959149004851417088
90524645,174759440
90524645,1718189328
90524645,822927638671007745
90524645,1040071664
90524645,884095964730019841
90524645,2180647716
90524645,2527815351
90524645,1188921884534083587
90524645,892729368
90524645,914697721
90524645,756871023996395523
90524645,3439307753
90524645,1385380766
90524645,1678650126
90524645,267384444
90524645,206187205
90524645,2301925466
90524645,162635269
90524645,240842237
357072283,112834585
90524645,1569181530
90524645,2862997497
90524645,884843005198422017
90524645,872190273983582208
90524645,519553325
2227711330,589283111
90524645,19293526
90524645,1124392800685121537
90524645,904033152
90524645,294561914
90524645,825730639194361856
2227711330,328534217
90524645,884094208923103236
90524645,2512040634
2227711330,1539407683
2227711330,1221563242977419271
90524645,827579965235458048
90524645,471386904
2227711330,110439086
90524645,2376832139
90524645,1136931957307297792
106053,4699607953
2227711330,1017508194
2876416811,782349601059790848
109214716,122440276
2227711330,2907658287
2227711330,2775981333
2227711330,499082927
2227711330,2241317641
2227711330,4864180870
90524645,2290190444
99674560,178537092
2227711330,703386818
90524645,719217492875456513
90524645,953874531395006464
2227711330,483016079
90524645,1102533622584786945
2227711330,1119374145664557056
90524645,18074999
2227711330,1160123245
90524645,994896131200077824
90524645,2673339623
90524645,19725119
99674560,215795742
90524645,15155371
90524645,419071151
977959859068002304,1090941924792590336
90524645,775770364538396672
90524645,17895011
90524645,811093269073526784
90524645,15164012
90524645,2374956468
2227711330,952556052
2227711330,901024626402357248
90524645,20220913
90524645,12262052
90524645,1430073072
90524645,116225100
90524645,82082384
90524645,166726946
90524645,883158602
90524645,592015708
90524645,3785009915
90524645,264681559
2227711330,1108447158582292480
90524645,1061347476
2227711330,2908995107
752126616,3953147712
326372648,259795925
122084857,1212682432232583168
90524645,798916520
326372648,345858289
2227711330,1710490044
2780869477,210636758
2227711330,3619108397
732502888413421568,51174843
90524645,820376253198901248
2227711330,906275624
2227711330,4024562895
90524645,989920521688092673
90524645,3432926591
977959859068002304,846997071903252482
90524645,3170949297
90524645,16838292
90524645,1075356096959823872
90524645,847401498
90524645,1510265586
90524645,49029701
90524645,1917663662
2227711330,1346286835
90524645,1156598479009042432
2227711330,1221916352
90524645,15722415
2227711330,2324447806
90524645,3794450248
2227711330,407025911
2227711330,296156199
90524645,1085528495135092736
90524645,101518275
90524645,1361415758
732502888413421568,262114331
2227711330,1101448806
732502888413421568,102915756
90524645,99997144
1028013247,57373293
90524645,584188333
90524645,932255256
90524645,72222448
90524645,959600506468519939
90524645,263647843
90524645,4885068579
90524645,4218076331
90524645,3012533567
90524645,3346354985
37893536,796430337567928325
2227711330,1365371286
2227711330,435307660
90524645,2588151718
2227711330,180317088
90524645,1097584064960303105
90524645,863961165273190401
2227711330,1026418206
2227711330,1053663578937610244
2097571,161735436
114508061,1230887757565890561
90524645,562733682
7014182,1190223732
90524645,1171346639061168128
47323734,93816729
1091565476,2394620323
2227711330,986714714
18047862,1230887757565890561
2227711330,1168797480
90524645,1155511298626600961
2227711330,604883587
90524645,962799916430118913
2227711330,1269278604
90524645,1359846056
90524645,2258102198
90524645,21178133
2780869477,1157618192
2227711330,1177176331123089408
3344123464,1361415758
294120449,907167779219894272
2227711330,830477446084452352
135588205,2838149729
2227711330,244637254
106053,55916990
25360913,947918747725107200
2227711330,618175181
2227711330,372488770
558866314,432647972
2227711330,1076589658518290432
135588205,135588205
2227711330,193356806
2227711330,468203467
2227711330,358629847
2227711330,418683219
2227711330,130759670
17178094,1225688772093722627
2227711330,735185898162114564
2227711330,2994137103
2227711330,1074408097563754497
2876416811,1200201492411699200
2876416811,125570941
2227711330,1879216034
2227711330,418176545
2227711330,2594596220
2227711330,3181214374
977959859068002304,139712936
2227711330,460453540
72816261,15354820
2227711330,1397599338
2227711330,374718632
2227711330,2252146516
90524645,2697740333
90524645,713804520464261121
24150568,982629740430405633
2227711330,2958878585
90524645,260619570
465464172,615117274
90524645,708234367836004352
287084358,14148294
90524645,73863839
90524645,934105328140120064
287084358,196317673
99674560,163488122
90524645,261312429
2227711330,91315693
2227711330,1202664745423319041
47323734,217145845
2227711330,740770152044716032
2227711330,4577632036
2227711330,1891212823
2227711330,410748533
2227711330,3048192892
122084857,1181907411550048256
90524645,728142146755158017
47323734,3118837983
7014182,1045917158981726208
2227711330,350920742
90524645,712150024797425664
2227711330,1191558961
47323734,244574766
3300158446,3300158446
2227711330,789548895621746688
501681543,1217788680577916929
432647972,1552464768
2227711330,1537073654
977959859068002304,821821488361836546
30261067,636603
2227711330,936060366
2227711330,42997971
1263781075,1171095843304280067
2227711330,422510951
2227711330,495323941
37893536,3309422527
2227711330,2793828610
2227711330,1010213420703141888
2227711330,831954655
2227711330,114713424
2227711330,1055666113
1101354170,326092733
2227711330,3039726772
2227711330,527270217
2227711330,493459733
2227711330,54621752
47323734,323829201
2152983800,3341089923
732502888413421568,310406646
732502888413421568,96944615
2227711330,895017951476281344
2227711330,346769301
37893536,1224510114763173888
2780869477,909909064162926594
2227711330,774531044611678208
99674560,19623685
99674560,80800571
995604886409695233,118758276
2193500617,392589825
2227711330,779870528
2227711330,413448728
2227711330,388776762
2227711330,500117519
99674560,1229706052112994304
2227711330,2305043174
1198373197059678208,1223383716350898177
1198373197059678208,805368768415354880
2227711330,453186451
2227711330,1156663782
995604886409695233,855382459403436032
2227711330,433273896
1091565476,29723898
2227711330,4173642952
2227711330,700946136979349504
17717287,39986021
2227711330,2447724572
2227711330,489501389
432647972,623974990
106053,507593498
2227711330,986569138251452416
2227711330,471859605
2227711330,347348365
2227711330,22009205
106053,1190315901280755714
2227711330,489331719
2227711330,483174530
2227711330,1244603340
2227711330,257527656
2227711330,1978670191
2227711330,1172065298473717761
2227711330,1026122636
2227711330,424355891
2227711330,3204804125
2227711330,2430898916
99674560,22399339
732502888413421568,1113451221153722369
732502888413421568,835946146291937281
90524645,3095645451
99674560,840029179257196544
2227711330,576542327
2227711330,134900781
2227711330,2889505617
99674560,9794712
2227711330,121089496
97230763,1191707029
2227711330,4621311087
90524645,1202025809587908610
90524645,1107658628201357312
1198373197059678208,749018468
2227711330,1061392014950969346
872589567421034496,72816261
90524645,1031271770400219136
90524645,789094371551485953
90524645,20515291
90524645,226640838
90524645,1181907411550048256
2227711330,466808799
247900709,928789043785199616
247900709,355601424
2227711330,763762492313042944
90524645,520907785
2227711330,1000443940636692480
90524645,580026542
2227711330,1175135101275037697
1105218582,1212330257090412545
52149776,2976322906
1274709210,1375440775
90524645,159419793
2227711330,549789032
2227711330,97245163
90524645,4853628435
90524645,725621472803323904
2227711330,1201258829482205185
1198373197059678208,867021026345058305
732502888413421568,390677950
1162879711191719938,1007823913253031938
35287180,1562020364
2227711330,2353257175
90524645,2969405391
99674560,275219328
2227711330,746773661835747328
99674560,829182964756054018
2876416811,1361415758
2227711330,385988651
2227711330,265679140
90524645,986361108
90524645,933063776173285377
90524645,1004097176
99674560,1185325214797840385
2227711330,2478905336
90524645,883061880255860736
2227711330,1058916510
2227711330,528697620
2227711330,541824556
37879602,977959859068002304
2227711330,168191114
2227711330,481409710
90524645,607973471
2227711330,2574112961
1091565476,132151462
2227711330,1230139480490889216
2227711330,428931682
99674560,117424644
2227711330,837024514739421188
1105218582,1129114867
99674560,1642593973
90524645,1459430522
109889428,1216506133965430784
2227711330,1264572464
2227711330,1143393739
1162879711191719938,198271486
20062220,107131420
1093805677045268480,51043881
109889428,498256607
2227711330,238939512
2227711330,273954815
2227711330,1380163632
2227711330,477093116
2227711330,1230439970994819072
430595346,1121920898
732502888413421568,4891172542
2227711330,1912288435
732502888413421568,855746622910803969
732502888413421568,234523897
732502888413421568,1222279764662198272
1162879711191719938,2882566694
1162879711191719938,3291200593
90524645,858851818956259328
1250172523,302028377
1162879711191719938,955453072381218816
732502888413421568,21864513
732502888413421568,854025815675326464
732502888413421568,1173594275940052992
239097889,308634841
732502888413421568,142549999
1198373197059678208,1305726500
90524645,890186168490496000
1198373197059678208,2505447456
15427879,2728393181
732502888413421568,116437897
732502888413421568,161373426
732502888413421568,1061875052923285510
2227711330,1037305130
50585220,352607567
299650387,250251959
2214186154,391424411
732502888413421568,714386061833728001
24150568,3039333173
732502888413421568,2565366666
308634841,24150568
20062220,57661478
472167838,967312350117351424
2227711330,1391322536
24150568,859107610041221125
797851845666471937,850349883303350273
732502888413421568,80391805
299650387,2214186154
1947841712,822573757445341185
1162879711191719938,823517505771700224
2227711330,977309495033565188
1649981815,857923010501758976
430595346,1206632114734714885
732502888413421568,473725876
97230763,3431885704
732502888413421568,583041023
732502888413421568,4708075047
732502888413421568,795598671123509248
732502888413421568,20127554
1375440775,1055605594932068354
24150568,3058497401
732502888413421568,527332671
14499829,2932410160
732502888413421568,696358775645671425
25073877,16318187
14647570,1036989830
732502888413421568,248305710
2152983800,1261626800
90524645,1192482364947156993
183651742,12890622
16081264,1039971424713273346
17717287,840677701706956800
2227711330,1368793633
2227711330,1059877728
114508061,408084708
797851845666471937,380932911
797851845666471937,719217492875456513
52421660,1204416028857397252
721195337,557168124
430595346,1396874786
17717287,576144150
16501566,548789816
17717287,59587480
797851845666471937,869727931
17717287,134800854
381289719,72816261
17717287,785331181
711097405207351300,3312065387
7014182,3403848304
17717287,17087547
72816261,955709459065659392
90524645,913837824138457088
17717287,1225127510742044672
17717287,1142780430632067073
1198373197059678208,757922999769133056
2227711330,501951935
5715752,1198373197059678208
1036989830,1041459310281121792
3175653939,4899024233
430595346,120806223
93295809,1032744612249698311
472167838,120150996
472167838,2847900628
430595346,467609115
47938664,2433596248
97230763,1364239537
97230763,3306811
1198373197059678208,3656206281
430595346,2184772618
97230763,1158253174085603329
2455165957,45381024
2455165957,2552720964
732502888413421568,2753722905
17717287,2833078354
1162879711191719938,2931031013
2214186154,909909064162926594
3179375560,1143282225934479361
788319768382242816,1222155052833497091
732502888413421568,1013556864
732502888413421568,1115351988999532549
2227711330,228148170
732502888413421568,44728165
732502888413421568,2449641736
732502888413421568,2327687975
90524645,976090796792385537
1049563182740774912,1225688772093722627
1049563182740774912,1094001620365574146
50585220,789168833210687490
2214186154,98723735
3175653939,3425726195
1162879711191719938,949584007452332033
1162879711191719938,1215650883419168770
797851845666471937,4266848849
732502888413421568,976485189374312450
3175653939,1116407447470661632
1162879711191719938,883203948110385152
20402945,38194101
1162879711191719938,1197226185262092289
90524645,88861803
472167838,560455757
2214186154,2421131155
732502888413421568,951521139108564992
99674560,22177544
732502888413421568,1119922741
732502888413421568,2592815799
287084358,860985093321613312
732502888413421568,3785009915
1162879711191719938,714487259916070913
1049563182740774912,1093805677045268480
1101354170,2214186154
1162879711191719938,161218652
732502888413421568,883585404363997184
955745235493179392,931920531686903808
99674560,1064063686464204800
865122032,3119096980
2379366141,531010002
1217049349869445124,979810213904527360
1217049349869445124,29545889
99674560,1083330726
46870369,1062695293
114508061,1168953414421757952
114508061,1183115348872237057
109214716,134471066
3367084329,2584915411
38846238,898821829862858752
432647972,206457337
1217049349869445124,1119878405858709504
90524645,256925672
17717287,752858242477355008
32428331,95575650
1217049349869445124,529008588
17717287,842067043012739073
797851845666471937,4736948260
1004773013999489024,1004773013999489024
274669412,54822997
797851845666471937,38385500
17717287,1211899922930229249
38846238,251644391
797851845666471937,2600373032
274669412,240964015
1217049349869445124,1100421654
3330020903,3943031
721195337,45956686
1217049349869445124,1232299918624198657
1217049349869445124,203159884
732502888413421568,1160540743712354304
1162879711191719938,23832732
732502888413421568,2319681003
47323734,836880447716098048
2152983800,2462998752
50585220,2301925466
1162879711191719938,3165870010
1162879711191719938,1142643956
1162879711191719938,3045086093
1162879711191719938,3131140427
1162879711191719938,1170642374923608064
1162879711191719938,1076179222673215488
1162879711191719938,1214887924459823108
50585220,473725876
50585220,1031524610527907840
1162879711191719938,845377222009606146
1162879711191719938,755817752535916544
90524645,224651746
732502888413421568,28530910
1162879711191719938,987717045537136640
1162879711191719938,1081712591515385856
1162879711191719938,245288058
274669412,274669412
700672788932071426,34697271
72816261,3118078631
17717287,546343933
19232587,76403269
1162879711191719938,2743614730
50585220,2340812917
90524645,617807433
1217049349869445124,80262459
17717287,353318402
17717287,46706931
17717287,34898084
1217049349869445124,4781924359
1217049349869445124,2808582311
17717287,983136570692722688
90524645,4577311396
2227711330,501061708
122084857,2207851705
430595346,1175033480
1217049349869445124,266106751
1217049349869445124,986306184
1217049349869445124,1232295777038368768
17717287,28576135
797851845666471937,1057532976039366657
17717287,622787824
17717287,101532348
1162879711191719938,211913101
1162879711191719938,215573012
1198373197059678208,1207695163818225665
1162879711191719938,757632838535614465
17717287,119407077
1198373197059678208,2465141545
732502888413421568,323357696
1162879711191719938,985187502
1162879711191719938,520933275
1162879711191719938,135280196
1162879711191719938,18044059
1162879711191719938,923308626114203652
1162879711191719938,836421383987027968
1162879711191719938,889564336682926083
1162879711191719938,1353176904
3175653939,1194414159661846528
472167838,1230799038133555201
1162879711191719938,1062865964
1162879711191719938,778014138
576043483,897780487380500480
1198373197059678208,17424958
1162879711191719938,4577700922
1162879711191719938,931293244461342721
1162879711191719938,149861285
50585220,271363514
1162879711191719938,1101503934118719488
9204502,76403269
274669412,4323360802
721195337,927647719782539265
90524645,44578918
274669412,2312954490
94063966,72816261
17717287,76460114
2152983800,44728165
274669412,1178223193389056000
99674560,3243090190
17803524,2262514882
1105521178402267136,1175352170012643328
17717287,188704345
32428331,952171274
62814736,2319681003
1039971424713273346,480213073
90524645,1001376442347868161
114508061,1117388771098595329
17803524,138828079
90524645,1231590912
114508061,1051913280556605441
2227711330,1010829058769334272
19762637,28530910
114508061,3046050181
90524645,712337840642908160
19767003,714386061833728001
62814736,2600373032
407692841,2152983800
977959859068002304,2609598564
2152983800,782349601059790848
2227711330,3587552002
114508061,1213274423064547329
167574625,1026986161976369152
47323734,2522828272
274669412,2514404994
19767003,4891172542
114508061,94320104
114508061,833820320
114508061,1058345132284674050
114508061,28530910
2152983800,249612583
2227711330,125570941
711097405207351300,1103381384
2227711330,93297244
19767003,125570941
1217049349869445124,893516426782412801
47323734,1119922741
114508061,1127241005680537601
90524645,4710356447
19767546,701091818
430595346,64681292
1105218582,1207208042535825408
21209555,1224394967289880577
2152983800,124473081
7014182,701700054080425984
29723898,71484559
90524645,482344128
114508061,2495163542
908637973436084224,413870486
472167838,342154375
47323734,1147099241866760194
977959859068002304,961608828214304770
114508061,1012251713305219072
721195337,49968109
20344328,112526774
732817452569141248,413870486
109214716,1174610874222485504
2379366141,2734207457
2369138496,1375440775
1062978561823334400,2932410160
3128766508,1195059109126692864
3456822441,81122707
25734965,3128766508
39335597,1198789568214044672
409526422,119485813
150323423,167574625
90524645,1228955551641542656
114508061,555059644
208747752,1035588419597099008
447068244,312030543
90524645,2762952938
2152983800,807936362976575490
1108775715363803137,2932410160
1198373197059678208,303708846
1198373197059678208,275287218
70385284,1731945072
114508061,2802155333
430595346,132456905
90524645,129514240
1261626800,2152983800
90524645,1225688772093722627
1098236199058239488,2932410160
106053,217749182
90524645,155866734
17717287,364307547
2152983800,878243294144339968
106053,2827108294
1217049349869445124,1218111005017899008
1217049349869445124,1148662551728840705
2152983800,714386061833728001
1731945072,2466766748
114508061,1700736908
17803524,323369190
1198373197059678208,818747202281598976
2227711330,991757240
17803524,48798710
114508061,908212657
114508061,157662362
90524645,821087043019304960
114508061,996745767384698885
2152983800,633829005
106053,978246900825632768
2152983800,827541129327439873
2152983800,3531994695
2227711330,2636203308
1364378809,926205948
2152983800,2301580002
2227711330,528480384
1731945072,462083773
2152983800,1560819031
114508061,2667454085
90524645,48293768
17717287,1194174842724945922
1217049349869445124,261554992
10228272,1154340469461200896
700672788932071426,4147486611
1217049349869445124,2593516956
1217049349869445124,878640954118467584
1198373197059678208,1205897094092984321
700672788932071426,767648437319892992
700672788932071426,830850248
2394050364,1039512867010035713
1217049349869445124,6849132
721195337,851434250993901570
1217049349869445124,378348861
1217049349869445124,290398274
790150819005997056,790150819005997056
90524645,721321723719761922
1217049349869445124,1173590585250385922
1217049349869445124,246042297
1217049349869445124,4865276057
17803524,55916990
114508061,858647896945639424
1217049349869445124,822339913362374656
1217049349869445124,836372455849607168
1217049349869445124,31667040
21209555,262337822
1217049349869445124,1207817132375003136
700672788932071426,250127093
114508061,1124392800685121537
580819861,851434250993901570
114508061,2913858227
114508061,776126255309676544
90524645,59526357
90524645,2636272687
114508061,2467302827
430595346,1217252208120516608
90524645,236095619
29723898,2190434881
114508061,1220070707067080704
90524645,1103243518707929088
90524645,754763048037023744
17717287,1168502463575613441
90524645,3112705695
21209555,189607899
90524645,83432215
430595346,989494807641903104
90524645,2498046205
1190772879048224768,122146038
114508061,391238949
2152983800,1182378068
2152983800,716186215
90524645,138848359
472167838,1403261
472167838,2239468784
4904669765,855819511450226688
357072283,158758980
39335597,948748144745074688
1731945072,234510237
472167838,2536924194
2473947624,21754949
1198373197059678208,976835361707102209
705637562870681601,4727319856
705637562870681601,1105894085108350977
1947841712,2239468784
2227711330,976167574785413120
562733682,1361415758
114508061,999174567489875968
90524645,889937894202363904
2152983800,34318759
3175653939,2460335661
2896212393,3125879559
114508061,94063966
977959859068002304,811236275462303749
832777227049762816,309801463
589148754,4765056676
705637562870681601,1034395894718898176
1035115187907567616,1543280214
1198373197059678208,1225089362288873474
920276036809523200,1004336722065444866
99674560,737142202481016832
114508061,327858593
114508061,1321029128
3367084329,2967388423
3367084329,23490130
3367084329,1181425800567934976
3367084329,1192669892627107840
99674560,1143811172413640704
1198373197059678208,888515685802020864
2152983800,1097584064960303105
2152983800,14255314
2152983800,299212398
1198373197059678208,2301580002
2227711330,988270010
26489924,1025812433972199424
1198373197059678208,758701200615305216
99674560,1223314676710289411
834034093679575044,44955185
1198373197059678208,788158925740838913
56469557,1073283570096066561
834034093679575044,558507286
2227711330,473220410
834034093679575044,756901280824655872
240823321,171092076
90524645,1144569125790015489
1731945072,54534867
17717287,535869223
865122032,886141656139005952
90524645,1145319596
99674560,1112913144568037376
1198373197059678208,604991012
834034093679575044,2704884045
834034093679575044,2283717168
17717287,346303806
834034093679575044,204701368
24150568,1137089827
556751116,1961291539
2227711330,1191129860812529664
1198373197059678208,17779882
144815882,1097254726171852802
2780463479,756558246677213184
99674560,853061770235260930
2152983800,936576147189575680
1198373197059678208,1184210048312066048
3026970505,479313692
56469557,1181156717180182535
2152983800,1578611251
1217049349869445124,1226216715874394112
1217049349869445124,82878134
90524645,1136964538459447297
2152983800,1136931957307297792
23623762,1731945072
2152983800,1075457745334231044
1217049349869445124,1074920824287707137
17717287,1227841864969134080
1217049349869445124,1134453168589479936
828539338464047104,834736730100076544
24150568,755398150077181954
97230763,29409786
97230763,1153599255162040322
472167838,449314153
2152983800,57948772
1198373197059678208,1215624921046507525
97230763,768899816
2227711330,2754525981
2152983800,196317673
1198373197059678208,2491992863
1217049349869445124,852248999516090368
1198373197059678208,259043737
1198373197059678208,711608377789562881
99674560,1111608295381446656
1198373197059678208,1004900589678071808
2152983800,1225814268718788609
2152983800,2262514882
1198373197059678208,15132914
1198373197059678208,762910616189280257
326372648,807685160372228096
3791548282,19613633
1198373197059678208,50616576
1198373197059678208,1123680822064754688
247900709,54340293
2499839022,757318478009397249
4212651077,1225170233138319362
26203977,969620658186588160
25073877,989407238543630336
430595346,803078648416739328
17717287,4858453113
1218158554458329088,84013497
472167838,851434250993901570
99674560,605434880
712239480489508869,931477381
2152983800,51051883
99674560,114770953
712239480489508869,741264570015227905
1198373197059678208,2561231646
2152983800,67334963
1198373197059678208,1643659700
2214186154,858259578181500928
1198373197059678208,899308266748080128
101432622,559775653
19452032,786857616249094144
1198373197059678208,976090796792385537
1035115187907567616,1131643162127159296
1198373197059678208,616002513
57350105,627394798
1198373197059678208,56212591
1198373197059678208,23675741
1035115187907567616,1226216715874394112
2152983800,77552113
919825493117022208,1223383716350898177
1198373197059678208,3944774296
1123591430788792321,824000458335420417
4103642913,883585404363997184
3093323463,1217907223671775232
21209555,87628572
2152983800,88861803
1008371290267373569,47430335
1198373197059678208,933679869980012544
38194101,1183033554558697478
99674560,1674411265
1198373197059678208,1916961271
99674560,22848223
99674560,1132885444574797825
99674560,1202349757655592961
99674560,3205258083
97230763,1568648821
1198373197059678208,780807556008509440
38194101,98941070
90524645,712229995960258560
90524645,1073321411375230976
90524645,938803469594644481
26489924,38781064
1198373197059678208,2865982579
90524645,2835088744
1029084199725223937,94194247
50585220,108410287
90524645,876132866945683457
472167838,1217710249
299650387,215958366
90524645,1159749038335582208
90524645,1028263085235208192
76914615,719273037380640770
1083010305351921664,122091191
99718385,997551380951859202
114508061,15262064
17717287,4406016554
472167838,3372133420
122091191,3044620756
1198373197059678208,1179373485237379073
90524645,391424411
90524645,1158112771
2152983800,456663777
90524645,926205948
1107434773,3251391339
472167838,1199304348012072960
1198373197059678208,4182174089
2301202764,1217048308037967872
90524645,390677950
2152983800,903996667199983617
2152983800,273728396
15262064,1374333223
15982418,1143282225934479361
97230763,22922688
90524645,2522828272
1198373197059678208,542778182
1107434773,1208728650427895808
26489924,2722863769
15982418,826460648263540739
90524645,17308291
920276036809523200,1125716187395104769
90524645,1047575717955997697
90524645,63764458
1198373197059678208,13616592
17717287,808767477769506820
50585220,135138848
1227600633076776960,999922471238160385
97230763,338605214
920276036809523200,3044620756
920276036809523200,2788918167
21102594,75530326
1198373197059678208,10502572
1028013247,1008421246227361793
947238380454150145,310997831
4727319856,705637562870681601
99674560,47905449
97230763,867807926
97230763,4885593701
57296043,920276036809523200
627394798,835913872922013696
1107434773,1139592585272594434
1526970595,3689777777
1028013247,18482511
705637562870681601,1552982012
589148754,2916258867
920276036809523200,221716094
2152983800,504643112
21102594,931921161314807808
944611465,265300486
1028013247,97371290
21102594,162769774
1364378809,108606052
995604886409695233,28757885
760769144182730753,1136810036
2152983800,875316446078922752
2152983800,1197498108395114496
2152983800,63675700
2152983800,952183990391320576
1198373197059678208,80890155
472167838,3179103314
1107434773,299900096
2152983800,299650387
700503483,700503483
1627783842,367888847
1198373197059678208,1002945675057946624
2152983800,747327834494898176
2152983800,949314633919234050
17717287,954851296380628997
1198373197059678208,3387326685
17717287,4340793021
50585220,902085877
1198373197059678208,379375791
2152983800,2478349112
17717287,18976603
2499839022,801569745296379904
17717287,910123708253052929
17717287,563121332
1217049349869445124,1161173327790170113
2152983800,999174567489875968
17717287,1182288786576871426
2152983800,407279353
1198373197059678208,947757876805885956
957981607620677632,162670813
17717287,969756142787207170
17717287,1154372940655448066
2152983800,4248555617
17717287,182157530
2152983800,2353086663
146569971,17717287
2152983800,742413846854406144
1198373197059678208,845128098009927680
705637562870681601,1136935785234669569
299650387,36335603
2152983800,5734902
299650387,2152983800
1035588419597099008,120675100
114508061,608828957
469195976,1217048308037967872
975843259,1092525401572806664
916684344,1332287586
24150568,34565873
1029084199725223937,2589818520
1217049349869445124,238602395
1198373197059678208,1119999613761724416
108606052,940669687838445569
2227711330,572817456
1224724147596660737,1121287417036771328
1198373197059678208,18354826
2152983800,787774580
171092076,446509968
1198373197059678208,1182563394215387137
1198373197059678208,711960734729687040
2152983800,2760099512
586738847,2988362676
786857616249094144,24887255
732502888413421568,21194134
270839361,384439031
472167838,765156738379161600
786857616249094144,3131268149
786857616249094144,80851674
786857616249094144,19332615
786857616249094144,19061078
786857616249094144,20968500
1731945072,140928235
1198373197059678208,808416218
1121287417036771328,104115486
21209555,933063776173285377
775938072,77761192
90524645,784140826129657856
834034093679575044,4758118581
90524645,2597892733
2152983800,131477357
472167838,548789816
786857616249094144,63134186
786857616249094144,19452032
21102594,1891253906
1198373197059678208,583973349
1171083050031157250,1171083050031157250
472167838,403202076
90524645,19088322
106053,1154747160
539293857,967312350117351424
2152983800,2868669795
121690511,85569220
1198373197059678208,126654365
2849311727,2152983800
770556029222486016,1205428280888905728
1198373197059678208,237000138
430595346,894384300744888320
1198373197059678208,895494950
1028013247,714897836693987329
1620250698,2152983800
2152983800,81948972
1198373197059678208,402839636
36713389,18308620
472167838,479455371
3367084329,4871244362
1198373197059678208,2885469635
135138848,365590517
2714205733,792500254620917761
171092076,448785529
97230763,159133559
1035115187907567616,1415303600
19245170,775938072
1035115187907567616,3083343255
1198373197059678208,317087098
26489924,760731659251712001
2152983800,1511361530
196596790,1731945072
903502028453933056,22510457
472167838,1048536677264842752
2152983800,2925148059
865122032,1310569981
1198373197059678208,2487721413
99674560,911261471698427905
99674560,366896980
1198373197059678208,2987684853
99674560,827524388161409024
1028013247,1130946022379794433
1107434773,114214967
99674560,20531864
1198373197059678208,1037479006029926400
1028013247,1908494161
1198373197059678208,1361415758
1198373197059678208,89754077
1198373197059678208,44926666
90524645,1196005359581892608
1198373197059678208,637359277
2289843524,2302769958
1010174381656608769,1219206802358833152
1198373197059678208,4704095121
3367084329,962984116902821889
865122032,958803253642321925
114508061,1180839562635087872
90524645,1359533838
19767546,420224264
72816261,1183975422863773696
1022729538516791296,2562959317
99674560,58748236
99674560,1053247241618685953
3367084329,51014850
566637962,2932410160
3111031383,847187905013526528
357072283,3423828239
3367084329,1246272421
430595346,546295587
1124889985,950759996471603200
2280602090,2455341572
3367084329,27162938
1198373197059678208,1523493061
99674560,3194071636
114508061,111875484
72816261,952516574350487552
274669412,1099378329663270912
99674560,464793114
3367084329,705082155693707265
3108351,636603
99674560,10322962
99674560,201284086
1198373197059678208,1183975422863773696
99674560,3317029754
195760172,268986118
114508061,477376032
2149170848,19898016
3367084329,1401643616
357072283,1228576427429285888
72816261,1055776939569483776
99674560,107559429
1198373197059678208,1021628950546718721
17803524,3014017373
17803524,3956049136
3367084329,91315693
99674560,2340271015
1198373197059678208,1205617139606020096
3367084329,1226976024035909632
3367084329,368841203
3367084329,1619787823
1198373197059678208,626905326
2280602090,2262514882
17803524,153992051
2289843524,919640568128589824
3367084329,2254118970
99674560,999531806834790400
2289843524,2262514882
2289843524,80890155
3367084329,1308061878
3367084329,2737436027
114508061,750600770471559168
2289843524,4819054193
17803524,885122988839796736
2289843524,1034488561918201856
2289843524,782349601059790848
17803524,876909132351234049
2289843524,90524645
3367084329,23930264
1198373197059678208,1035815510842200065
1198373197059678208,804516253251567617
2289843524,787774580
3367084329,777287522334507008
90524645,62757067
1105521178402267136,1198808754080419840
294120449,841672903
2397734442,4038071079
2397734442,1136221685877579776
2394050364,61147761
2394050364,854729192226910209
2394050364,301975565
90524645,3044620756
3032381709,326372648
1105521178402267136,952212357698203649
1084431,2821611
90524645,2419015484
39335597,3384890716
1952015173,2214186154
90524645,114696822
90524645,430729136
90524645,39994751
114508061,2784332684
224651746,224651746
3791548282,889937894202363904
2829596064,19701432
3791548282,1174374321072082945
495882009,82905612
2394050364,164216022
2394050364,738015595
90524645,4257007221
1034847431068987400,926124569047502848
90524645,2981834175
735024713353809920,35315838
90524645,4248555617
90524645,808725472553168897
2379366141,451454179
1217049349869445124,1047772215016656896
2227711330,2306687558
1854562046,197351613
977959859068002304,1212844360200359936
2394050364,104115486
163882971,2219021691
114508061,1073496504378290176
114508061,1229759418662825985
116437897,262114331
405655063,1375440775
17717287,892118401
19762637,13023812
114508061,566403812
114508061,1070519030
1105521178402267136,4278120573
1105521178402267136,949323923136696320
82073850,828539338464047104
37893536,1086095868
114508061,884095964730019841
1374333223,2528762973
161248674,1323328058
72816261,111575477
20344328,801476435277971456
161248674,1139592585272594434
114508061,2559387109
116437897,1173594275940052992
20344328,738097177004810240
161248674,1101945843869995008
47323734,1606690051
1105521178402267136,935627051339481089
114508061,749017560
114508061,753752949147443200
161248674,852418878114332672
163882971,1016618290473586688
977959859068002304,919598362726453249
129257660,3456822441
90524645,39791366
47323734,1028013247
3175653939,1231172520788799489
977959859068002304,884840090538790913
114508061,265573195
90524645,844146855281917952
3175653939,996708548104081409
114508061,756579313147908097
17803524,112526774
2227711330,1110091339
432647972,1491493434
2227711330,404767593
1358146357,38194101
109214716,513734171
90524645,736704024
2394050364,128552748
114508061,3403949627
114508061,122689744
977959859068002304,871146577015996418
2379366141,2488896032
326372648,883585404363997184
2153558148,993064713645936640
562733682,464656229
114508061,932924581425315846
977959859068002304,955745235493179392
501681543,186759356
837278886782185472,1228579819107102720
837278886782185472,1192384677987966976
90524645,49944142
2397734442,355598206
2394050364,187572280
625478942,736704024
2394050364,3244970475
2397734442,488414769
124473081,2152983800
1019190660400852993,849962690042880000
2379366141,4654717877
2397734442,52039877
2227711330,1191704064255496195
2397734442,719914068698664961
625478942,91817792
14273050,786857616249094144
274669412,157931803
1470650814,1222220523481989121
17717287,1230614328925151239
19762637,4707038073
2397734442,2434081019
1146329871418843136,43292555
183036873,43292555
2394050364,3055711434
90524645,602794838
2379366141,2150901125
287084358,1034821377361149952
2227711330,427690444
47438401,37893536
837278886782185472,2449437474
287084358,1131180187754913793
1470650814,18308620
3300158446,404275237
90524645,217255169
90524645,20036281
1101354170,3039377895
90524645,993064713645936640
90524645,187679019
17717287,1151158621859790849
326372648,919640568128589824
1111403706,90524645
90524645,1533934352
2227711330,2589059304
90524645,289991058
2478349112,3128766508
90524645,22473618
90524645,971400748574674945
2227711330,3018738275
90524645,389081753
90524645,3054960644
2227711330,361757017
1028013247,109798805
90524645,109798805
1198373197059678208,739422188
161248674,3208860243
1731945072,37997633
3456822441,4192961459
99674560,381504847
114508061,2788607747
114508061,428470798
400671340,2214186154
92230638,1217048308037967872
39999078,1010051995
977959859068002304,2824028908
19762637,20515291
99674560,1134470228044341248
4228788018,1217048308037967872
90524645,768064268625383424
274669412,184388747
2152983800,562733682
90524645,219503020
837278886782185472,274899710
2227711330,585525245
38846238,42641395
17803524,3119096980
114508061,871400588365504513
274669412,1218935573269880833
1180187419473256449,985575074068656128
274669412,982569349
274669412,959676146001440768
274669412,1042499257125806085
274669412,188771108
8720562,2227711330
274669412,1195203837226868736
38846238,1228582017962565634
38846238,404779717
287084358,1196839807625891840
90524645,166982073
2227711330,1016319861780369408
2227711330,1031308505968340992
99674560,820317464613429248
114508061,2968689509
99674560,736185001457287169
161248674,1547053712
11136212,18308620
326372648,302028377
1068488516542373888,191027377
49923073,161248674
602794838,17308291
977959859068002304,1231548565450874880
452830010,854284094984859649
602794838,595551879
432647972,1225004369629741058
3435483345,1217048308037967872
2152983800,2766261999
2379366141,4116517995
3791548282,2460335661
54502344,1731945072
90524645,793400734104641537
420204289,1217048308037967872
854284094984859649,92806561
171463921,2840183001
2152983800,17895011
2152983800,1004097176
854284094984859649,348068881
2152983800,3360639395
854284094984859649,824128021816897536
854284094984859649,718440724090458112
854284094984859649,3042351650
1226140324512358400,2840183001
977959859068002304,1005507505336782848
90524645,1207208042535825408
2379366141,2697081012
405655063,1217048308037967872
977959859068002304,786113892892180481
114508061,4192961459
19767546,90877676
14700783,1084431
2227711330,1423994479
977959859068002304,1159360566919647232
977959859068002304,2805367247
2227711330,1019804604
17308291,595551879
977959859068002304,91201431
19767546,943399011293323264
106053,1952022757
2227711330,811495722298343424
19762637,714386061833728001
2394050364,2908014693
977959859068002304,1116308816923066369
19767546,607159536
8720562,738358276560150532
114508061,1030406933512167424
977959859068002304,1156922615094796289
38846238,813917247639093248
1028013247,617093358
776434061468246016,293940667
90524645,159134717
90524645,184517401
1028013247,3119096980
1049563182740774912,2476201281
2379366141,470791084
2379366141,2950706931
2379366141,3093442141
90524645,87186946
2227711330,377249170
2379366141,419100683
2379366141,771104194635898880
2379366141,2617021636
432647972,2595358376
2227711330,722311549520637952
816653,72816261
432647972,1611392006
2379366141,1068102190344982528
2379366141,124098537
2379366141,235887685
2379366141,619888057
106855826,1068488516542373888
19767546,1221022446616285184
17717287,1028438369234309120
17717287,1110945665713086464
17717287,91955218
2394050364,3747991577
2227711330,887603993282826241
15647855,17717287
19767546,807856115799179264
2397734442,293277139
977959859068002304,1548849403
977959859068002304,1188921884534083587
2397734442,784903714045829121
17717287,887561521
977959859068002304,1323080893
122091191,1459430522
1364378809,116437897
2227711330,3233782181
2227711330,881977445955645440
2394050364,784903714045829121
1470650814,729260371496849409
2227711330,977605577827389440
2394050364,1415288328
2379366141,1522323932
17803524,1057941045550419968
977959859068002304,86798117
114508061,712150024797425664
432647972,1229689107258822656
2227711330,812532798
114508061,1136522773
114508061,158778194
29672904,1181907411550048256
114508061,819514820642897920
19762637,554858856
854284094984859649,2271371657
854284094984859649,728545539005026304
114508061,902085877
1731945072,63865064
17803524,3049797029
432647972,152106544
977959859068002304,21400571
114508061,740911645233455104
114508061,753370579
114508061,2995893279
2379366141,4858786161
977959859068002304,896281534537269248
99674560,1069480596731129856
977959859068002304,960482270481145857
90524645,4187315422
2227711330,2326573022
977959859068002304,360453378
977959859068002304,3026432061
3367084329,74056467
977959859068002304,1213359789801013251
114508061,1227956017385889793
114508061,836903864083353603
2227711330,336770410
90524645,300390038
90524645,3395777655
102452340,89418222
90524645,4860518673
19768097,300390038
90524645,1227276223027519488
95907838,937184928
977959859068002304,827137320851800064
732502888413421568,37934185
114508061,3128766508
1731945072,29140437
432647972,2526047631
1019190660400852993,158675345
114508061,249612583
114508061,3308375333
90524645,791634705259036672
90524645,776456076778668033
114508061,1028263085235208192
786857616249094144,521692831
72816261,1006287719578984449
90524645,401950148
2227711330,2714596672
114508061,4785762898
1127253218759716864,1124392800685121537
72816261,1701930446
72816261,262337822
2227711330,443113034
39335597,2634639947
17717287,885849167674957824
161248674,2727197637
116437897,835946146291937281
90524645,3119096980
1091565476,14211362
3791548282,333843695
90524645,39757920
90524645,3044542377
72816261,72816261
1730377189,1730377189
472167838,472167838
90524645,90524645
853664784247599104,853664784247599104
3306811,3306811
42044823,42044823
216356102,216356102
1947841712,1947841712
3179375560,3179375560
977959859068002304,977959859068002304
580819861,580819861
2468099712,2468099712
49790406,49790406
3033104314,3033104314
787628490715783168,787628490715783168
705637562870681601,705637562870681601
1136810036,1136810036
1029084199725223937,1029084199725223937
845415526407028736,845415526407028736
636603,636603
852448997541326848,852448997541326848
