Id,Label
197351613,LOGISTIK_HEUTE
14674814,boerseonline
357072283,mride80336
1216408198552281088,Findings2020
951353809955061760,2the_hill
56077161,Kantoglu
912951056019181568,EevaPaavilainen
1079274338111709185,7Vincento
1548367159,ada0eumenis
20446102,Nenagh9
104505164,texarizona
995604886409695233,LuckyLu32431232
578257014,PorthosMD
112153936,sylvita30
535554692,Thomas_195813
812043847433916416,Krieger66362259
3387591993,Neocritic
1228210045,astsof
893539251761106944,GillianLWong
2556071143,von_lorenz
17803524,SZ_TopNews
114508061,SZ
819535545827201024,Marieaaow
9979022,jholston
789094371551485953,sabina_daschke
19767546,SZ_Gesundheit
522645008,RaimundRaimund
2774702928,bescha2
1222288668074954752,loupgarouuuu
432647972,JulikaBrand
1105830381180383238,healthcomde
205282665,PCGH_Redaktion
1111621333593411584,fashn_nation
790648417835941888,MarktTechTweets
811735244093194240,TonnieBarn
72816261,kaibaumgartner
1341686353,buddendorf
158675345,voeb_banken
1035588419597099008,smart_reporting
1056879457791864837,MerzFriederich
1075268006,sabine_m_b
90524645,BR24
1200055234917289985,Puzzelstein
2647210962,gudi27
305157502,yDA4HUK
454775507,SCoRMembers
1116340681130356736,StarSuperfan42
776434061468246016,LBBW_Research
1119922741,woli2017
72323513,paolatere
2400349604,imelda3959
887456527,erva_tw
374678484,GemmaRomano
270033118,BauduccoSara
1111011112609333249,AnnamariaRadano
1084956681308696576,Magnus20191
1519266373,Cplion87
3014575779,pietro_busacca
111045376,zvw_redaktion
607138585,l_lagriffe
25143146,thegreycat
19768097,SZ_Reise
1201140821720027136,bertong17
1228039433464664064,Truthaboutwcor1
1011050547749638144,DennisPan20181
434118245,benjaminlachat
1006904628439601152,MoserMichael
2272788252,vaQtec
844091927062568960,LBBW
937722899024302080,Melanie_Ekert
2565366666,ZDFstuttgart
19642373,almacardi
3732897196,ManriqueValdor
4403937617,NatBordeau
2397761965,alexodernichts
2433596248,tsunamiflavien
43083763,vr_online
863352182,eva_schiller
68933252,IHK_Reutlingen
1182232516238938112,AtrivaTx
714307909,alan_moratelli
1114816135,frank_treu
3292047101,IchWeres
884290494,bdwredaktion
1091565476,we_online
865122032,Lichtspruch
966349808389771268,SteuernsindRaub
244425210,Biddi7awwesh
823506367940018176,flosafraca
66328689,CANopen
594739035,die_Edelgard
387914765,godelitsas
4825537575,kaisertreu
519434050,BeatriceSonntag
1583737118,ZfaresZid
1132075837,kraemer_andrea
837278886782185472,lipsandskin
3362833389,JBollenhagen
80872601,IHK_Heilbronn
23656660,Christiansn
934851121046282240,mertenFa
17757005,AaronDayAtlas
2902468335,thechance2b
17175685,Nanook396
3367084329,PrettyAwesomeDa
28520780,vivekxgoel
541226942,mesguerrab
1117384944274354176,Izabell71666249
493466780,whynotbealion
125570941,Muschelschloss
55443555,DennisP78
3297659199,musxcaddxct
807950805705887744,UMWEGN
782349601059790848,bastet_4711
138230769,YasminsMirror
952148228673343488,SupplyChain2030
3423828239,NicisLetsPlays
1228582017962565634,Django98865400
19767003,SZ_Bayern
2499433442,GottofreyMarcel
4684383282,Bildungseliten
35421042,Rangutan
99674560,mvollmer1
795614569729323008,ElektronikTweet
928335582136295424,charpiecharpo
780494751078486016,quixotic161
38498398,Edgar_Villegas
723039213378105344,AgenturL
195760172,ExasolAG
634338098,FrankGeisler1
169504900,boersestuttgart
210354218,Werner_CHZ
283637021,czoco
19281938,donaukurier
3058497401,GabrielPankow
872404546626211840,PaulBarnich
757946073558245376,DjeG15
1035456997896990720,TP_WWeiss
85651556,prowildlife
2690770503,sprachmittlerud
1205959012442869762,StarWarsLegoli
532237209,The__Ani
621840170,Matze_Ka
2460335661,susan_d7
994184803124744192,MagicienSaez
483886228,mediathoms
2745302313,AngelaFusaroli
1186318251212640261,Flaneuse_10439
1730377189,pdfkungfoo
1016306452791808005,TAG24M
1140363529574395905,Helmut722
1129087959339327488,4Tchat
466331877,Redaktion_IA
1094001620365574146,ABetterYouToda1
4184345657,ini1904
1131635826767597569,Chrisseyy1
948174042720342016,joel_mossong
144841025,4mig4
193637050,reisefreak1001
20663834,TanjaWalter_rpo
30697738,monacoupdate
43541540,mmason20
111291976,Anthonygarelli
2227711330,jeperego
240351468,cyberwarriorkf
94063966,JulianeZielonka
1105894085108350977,DigitalerC
22184701,angeloglasen
870740943900692481,Gewinn2911
40210586,lillabird
196317673,HardLifeBadgirl
862776726568534021,karin178954
717751146,ZDFhannover
408711479,hrothger4hand
450534750,GenBerti
1189965390010605568,Marcel_SWR
7551182,alexf10
1220503880766611456,BlhWidi
3343774227,BARMER_BW
819190565585768449,kat_schutz
243608697,cjmunich
68724671,WEBDENews
544106188,experten_Report
2685425294,MaryCherby
1198373197059678208,AlexanderKekule
385660974,Freddoof
250074636,Marco_Freccero
281555005,MdameNinie
726120281597743104,CaroleLanteri
1171416223067844610,PLakrisenko
998927865218523137,djsdaily
2934175713,nausicalibre
98696625,Anouskabrok
90272103,gezgintrk
2292708058,juliusairforce
981153895778054144,EREPAIRLAB
113290254,HypoVereinsbank
2473947624,pharmafakten
1122808076191633408,Fackelmeister
1158227839419932672,285xwq
203536528,yasharhuseyn
25701007,MS2K
589388653,Benwielepski
735179432420315136,SpookyMoth
2762197558,butchtyson
749270273401159681,pariente_hugo98
846711691744292865,Commanderraik
3785009915,MCastevetMD
326372648,Bratwurst81
3033104314,Speedx01
1150435944232865794,Rhonda_Alimuto
727165649861107717,Michl_Technik
4248322223,handrik_m
977959859068002304,QQuencher
883585404363997184,SGrejama
1054447446036828160,Ale6altrove
4891172542,HeiSchonin
549164622,joswabe
1101139828442386437,KamranS65197378
1221562441013846019,AnnaMag37906589
90709592,btcdragonlord
108410287,sahnetaeter
696358775645671425,ZensiAlm
993064713645936640,beatrice_health
924146540687577088,Procurement2030
4695659965,YTiWazY
1222412724707188740,IHK_Nbg_Int
57661478,Schwaebische
2214186154,MucTaxi
17308291,BR_Wissen
909125439343534080,AlemaniaSusana
210630136,Nina_Ella_
723134282,LackOfToast
1089486059208167429,susi38532167
17055693,bobbied100
2328942513,ardaongelen35
926035753129447424,PdH_BW
1238529541,BeratungDda
474225740,LOGARINO
177650297,Labbi10
707933844448677889,kigallus
1182696045890981888,Fight4Kong
875034856803250181,Queeroolant
1155263333043515393,Dominik251001
1219653971809357824,ArtVand82250289
1119578288324788224,MarttaOn
2780869477,TAG24DD
500096388,Giubetta
900242237329727488,MagaMagaoz
1220010928743337988,luigi_turci
256508868,pin_klo
909892037583007744,elilovespizza_
85143600,acamilli
550460960,BernyZb
1070395666919235584,angella_valeria
337170481,giovcusumano
3342372387,DavideBettin96
1230259665310769154,StormySummer5
335324325,Ollissya
219503020,Stefnicev
99734332,3_X_Taeglich
1065487260,samirbad
1310771941,MandepMina
3438159443,RuthCiesinger
1177259317906608128,fleedii
1011150645523550208,jack29724520
1058014054357364736,Pepito12098411
947247519473569792,WAHNSINN_DE
2180938196,Barbara_Schnell
997446986696708096,seppocalyp
58032404,ariocescel
1231343507408924675,haendelfeld
121201803,evaabgn
606806186,KanzeK
1000065622758305792,clmtt_
1385192168,kinderpsych
3293395671,RA_Haenel
2152895365,PresseAugsburg
765952051016765441,yasarcelik68
204836588,Leszamis
2562140345,rockitmen2014
756887238915522560,harfe50
2592815799,Selbstdenker75
14211388,pmf
1049563182740774912,JZWANG8
1082670923331833856,Putiferiax
950759996471603200,SPORT1eSports
4236401613,Wulf2015GER
135511814,vbw_bayern
873093753992486914,Frau_Padawan
534100880,DerGrinz
2637537674,schierhangl
88861803,CITYGUIDEMUNICH
50585220,LoB_sww
21102594,SWRAktuellBW
23425162,SWRAktuell
1158005065812238336,NewsForFuture
1001376442347868161,Parthen73317144
4891515585,gameswirtschaft
102088016,TorbenBrinkema
996708548104081409,MEDIVERBUND
17856365,mnostG
80793815,econo_magazin
1155455253162188800,EntonBerlin
2173312541,motikat
1276151,Ibo
35876756,jmrotter
213994982,mertenhou
504494619,CryptoScout24
1002122162986192896,InnoOriginsDE
3204104200,jmlpyt
137264761,ponsrose
1206920786415693825,faykonalex
1098676782516092928,LACOTEDAZURLIV
564146741,Momoclonsmoney
865225345,agilex2
108076897,davidiach
1162013675755995137,NRD_SanDiego
745209641341157376,simoneprem
62814736,B_Vetter
1627559004,foxkill65
50947797,julien06200
482969914,lucidite_92
498234828,RomainGuuu
787649433097961472,Nightmare_Keks
979371606740033536,berritxarrak75
151820195,Linkerbiz
1101510734989672449,MarcoliMaroni
117739026,hieronyma
1107434773,Gougouleland
58126102,MYM_krnpop
388351722,MLG_Fabi
187519663,howland59
551981048,Cecemc06
213369238,Ober_Franke
985471159427887105,Sugarhelchen
211158986,KellerBart
904241034808500224,BrankoBubalo
898980210321870848,NewsMemet
43218906,RFQR
417070549,raveragiuliano
1080925821941018624,Fili_Pam
380526746,mrcllznn
472167838,GvtMonaco
250197718,isibams
1103284353105158144,TalalSouhani
473725876,Marie_Laveau_
1159948482,RuegerTill
1105218582,AlpenMag_de
1028013247,laetacara
903269986369667072,_draken18
1673285162,Blubberdy
4056399736,MajorVesco
2269479989,serapsahin1903
2261320772,ArjPascal
22914851,Klickmichi
106053,SPORT1
2778271962,PBaelisch
2149170848,Thomas_Wilckens
2320837940,hierbinichjetzt
989937997335465985,schautnichtweg
4212651077,sundaystweet
130294685,hassleham
714386061833728001,emet_news_press
253322894,ilkay_55
570667903,cwkr_de
1118032980998533120,geldabzug
2367080816,deboraolr
98723735,1awww
796392465590874114,cdrixou
1099003967269421057,HausaerzteRLP
1140251622,inesdckr
2194717111,Rembrandt1405
187471707,lucky_Steve
848567094102941696,renatawithhat
348123655,pip_news
1056326258,LarosaAgostino
796227264975347712,__skoout__
559006374,BischofWalter
32802853,ms72_official
24194455,wopot
2237863192,h_bakici
438064528,roterhahn1
330961915,Aleks6z
542998145,pifpafplouf00
757204857686196224,MaryMueller1904
622295735,VEpping
262337822,hackenstad
1110874363413303297,BavarianHerald
1198201693550366722,AOnewith
1095726421467631616,Alida7121
856562479429812226,dprasad_bdds
305230639,AnaGGuevara
747059388,sherif_yasser
825421590,jorgeimeri17
50324911,Tedbiryay
3054888070,ici_cest_hy
3880324047,RadioPolitik
808792399698948097,hitcher_2011
995750779276414978,m_alexar
951051508321345536,Kryptonoun
40856839,mike_impro
785215636087660544,GalaxisBoy
710092536,MARZMAY
122084857,mschwinn
891171593392705537,XTechnoWolfX
21209555,telepolis_news
2932410160,SpacemamaMaya
19701432,Balluff
54971677,hwk_stuttgart
230685181,D_Cwo
4178059756,MarcoAntoniRbs
1054714323464011777,stuttgartgroup
3026990185,HKokbore
2284172952,muc8565
108090268,Jocelinflores
608266709,ALunzenfichter
1286847145,PentathlonGER
3752296169,HarmonyWibowo
809086073200578560,lucyeevans12
2358562603,andrewmorrisuk
67018124,J_Coates78
160880868,CiccioCampagna
397175137,KlaMarx
442235388,rossrd
540096989,ripiero93
1123342494933094400,solanoel1985
115963795,lonelynastygirl
1151833151137865730,Flavio33132705
594445960,BiaGobbo91
757922999769133056,mail_siwi
1158642693544775681,BesorgteBrgeri2
930452220,BrownzHoundz
226902856,RicardoCescon
700503483,_GazeteFutbol
625790350,AnilPPolat
24150568,AZ_Augsburg
897503068262195202,Floxari17
878258751731585026,brz_sandra
3120819424,PeptoRL
922083786,NewsNetNews
17895861,Hirn_Knoten
1097773939672182784,b55526
1004773013999489024,rankanalyst
4708075047,mcfire999
91058923,HerbieMUC
3675550097,ManfredHeer
788844045489606656,RPHFMVA2016
961259625717944320,Julfred52
224218685,Drachenrose
1386751423,tal_Marco
476108091,pleasebbmine
1231138587254587393,SeverinoCicer11
1211652328123584517,NonnoLibero69
2267439201,brambilla_clara
1615187545,liluziserd
447513293,filippo898
2250109702,momperiglia
255516922,ABrusamolino
2175043487,ASteverding
1278154866,FabioPozzi5
3064825125,mattiadelvec
1235964151,Daniele8Morelli
144213581,carloscatozza
939250620611080192,RosannaVaroli
431753835,MontagnaDi
1127541468288077825,didiaskdidiask
54964317,Normalman55
1329477768,Lulumaglio
836271002,marino29b
3369741717,AtilayOeztuerk
3862364523,TobiasDirking
241126781,FOCUS_MONEY
204336360,GefahrgutOnline
2728393181,diekmann_t
1231884590236737536,steyngarten
22904974,wahlborn
1028233366594904064,ProfKlarname
138762178,clandeslatino
22911395,Toby1525
1105580582,Pipes2494
712229995960258560,sonjakrebbi
1218890581897818113,SRomanum
73402961,angelseti
2262514882,birgitlissowsky
49318571,danielhazan
908276504701829120,HappyJayPo
215280359,carmine19s
3242441212,blvckgiuls
266066911,Tucchia
2245999991,Sofia_1_vv
494813245,Macchessegrullo
1220464856782065669,grizwigga
440129638,SoloCristy
978638220031381509,raffaele_avella
358242321,flamulamaria
763468866802577408,anastasjaberg
900296325006331904,FloraPiachica
848537311935700992,_IlBoris
91967472,onefitmn
1081889396150988800,theredturtle01
606225782,simonafabbris
122459898,POKEACEMOR
740911645233455104,liebmeinland
1030524589313609729,m_ziegelmeir
848855280490250241,RP_Tuebingen
428136053,pirat_feige
192188683,energisch_
2970182663,Frosch5775
3120222054,potsdupimi
3088264966,Patrion98
19876152,itbusinessde
3131650815,Alainjason2015
580819861,JurrVanWessem
2427188227,MarkhorRegiment
1128378488849879040,DHeuwer
2627650517,Beaute_du_Noir
17863773,broschart
391424411,daika04
1074959761886625793,Denkender3
30186603,Stuttgart_Journ
371654181,EIbe1
3312109493,t_thiemeyer
947296560,forenses_uab
902492737764823040,dettifurio
3298017153,CaroppoDaniel
204698104,woo_rocks
832777227049762816,Alsoudaniahmad1
67412123,spasskultur
1079810941204791296,Blackskorpion4
52840792,DrWetti
881455233620221952,oskarjursza
1161305651202727936,MarcSommerfeld1
466913375,RizziAntonio94
701115062,VperVero
853374318,pisto1982
1033505748372910080,Giuda90807602
394729845,fax1974
712337840642908160,Bergsommerliebe
816408959326294016,marinellapastor
2177793898,VitaDiLeoG
956123963251445761,CarmenMorello92
63764458,janejane24
1028263085235208192,KonradSybille
320510943,OtaloraAndres
902085877,Gelbkopfamazone
1219586637526597632,Needie_
1430073072,jeawinter
2328931053,willygyn12
244329279,charivarina
224073436,Juanjo3800
899308266748080128,NiemieckaPolity
1170461796639084545,dipolmat
148303527,vitico_muc
861197101,optimize_or_die
272635271,Dgleason68
1075015663431901185,frauhasenklee
215972771,msbunibun
58036996,danemiomar
3064277289,hettieww100
1227258704581529603,SardarMajidIsh1
4607045536,TJNReverse
942826806192861185,SARA2001NOOR
989142186364108800,lellacmilan
198959588,Saelvig
827534299,aitaka93
2792707342,valinap_89
550370900,HeelGianz
1039971424713273346,SvenFischer1980
725832018492329984,hl306090
430967982,karenroweonline
955745235493179392,m_aus_s
37893536,AlexRuebben
1049003759156842500,MxManova
1097165802250399745,HansNiederberg2
2308193999,FANTAstic541
1156543254290153473,aufmuckerr
1544336527,elvise1657
2284152576,SimMoschini
2903541269,2019libertas
1104897346956083205,TvSchwarzwald
1091720588987645953,RebeccaRietschi
1465405597,rushan614
787774580,ChrisBrey1
51558022,griachae
3922195888,TheckCristal
296426654,RegierungBW
973204503729262599,CCCaTTTaCCC
857580423572062209,IssiakaSombie
36137912,SchweinOfLove
96186676,tourismustv
840115289324900355,UnVraiPapa
430816526,ArDEUS
25683924,CheckerCSG
1011607261209415680,Photo_Sapiens
20133537,chuispasla
385269652,KoernerFelix
944881755097653248,medibibi2018
791262183644598272,WStoeth
2759169553,ormalamarta
2749896161,FinallyGio459
1212342379,VanjaZappetti
1612753232,iannetts70
1125264336006668294,pansopher1
432397706,ell3nne
2485205384,peopleForecast
2194263917,NethipEdien2000
908360556012359680,Enzo09264371
96733636,GaetanoScavuzzo
3155700550,rubino_vi
4908665781,rschrae16
257511513,DarkeneFabiana
2217387840,Schuetz12
862742168,socialwizelife
44728165,elltra
56692061,Giampanet
3089834268,sunshine2423
1227314776033910790,beata_ernman
707696955,sylkowa
1416600151,cmebusdeMonaco
2358645936,DerBerliiner
1576059210,YogicCEO
1188604977226362882,Blingineer
158765650,zensurkritik
18074999,Gerald_S
384947932,petra_parkschaf
961312663,HeikoNitsche
2373416725,allegovic
966357919141908481,germanrifter
3197463603,sekullalla
750211182,belf0rt_
754763889485684736,ntaegun
1034395894718898176,Barbarne3
1226731,Hagen
2361503090,tazmonaco
741264570015227905,Freediver_Doris
181502573,wilgodzki
793400734104641537,1Summertime2
2540419111,dasstimmvieh
2426624770,frauamstrand
3791548282,netz10de
818579901087236096,gpalchemia
139712936,karstenpater
571975823,mijagi1978
1146782149695160320,dalmalys73
1894909304,daemonenkind
956055966,TRASHLOX_LP
1213850759311151104,ElevEenZ
15841823,new_reads
841599770095452160,limesaarena
367671107,Scarpe_Bianche
405882241,AniStreep5
2988156621,ManuMan56950354
426987849,MontinDavide
1047925196064284674,Penelope19152
1408543448,SimoneCosimi
3090669582,6cappeEnrico
632055368,cristina_caput
1022051043276980224,camyllola
87408079,laurbertu
2570353677,Leiacheese
4785762898,Stupormundi66
428516674,stayhungruy
524159323,TheRealPalva
329950222,Rosy_Indy
945216586251689984,erniaismydaddy
48800564,duke_79
712239480489508869,taktpause
1047787949067264000,augenaufDE
772395105223344128,franzille
538231511,kaddeee_
2616872468,AndiRunning
1004900589678071808,zorn49_derAlte
1212451510954549248,hosenknopf1
80833793,wassloss
14829549,kamil2_0
830850248,Energy_4_0
250127093,E_und_E
4228321696,IlFerrigno
340196914,Naly2581
1579923498,vivodjlou
1212682432232583168,Eisenschwein3
1093805677045268480,IsabelVillalon1
763977862445539328,bildung4u
25091723,FORSCOM
4147486611,P_und_A
700672788932071426,a_und_d
1173902675076964352,Snuggels7
1186948937422376960,Chuckdam1
767648437319892992,INDUSTRcom
768899816,sabengel4
3300158446,VandameLuis
239754039,fire4wd
390225717,tiaaccairi
1161155007611310080,hounvix
389691755,Albri61
356103190,TeoFraLiberto
1184745378668830726,Klolita179
1341462944,paoloigna1
914697721,B_A_R__O_N
488724989,MariellaAccardo
885789131703537664,DanielaColi2
69598685,michelemercuri
193818950,_ariannnn
75638085,elisadalbosco
25736775,CLi89
1158330440094277633,SebastianoGaio1
422510771,MiriamEresiarco
283080198,Patrizia_Monica
46870369,gowcms
437365313,AndreaArmaroli
1012593655260041216,HRnewsAgency
51177928,bru_scarv
14259990,stuttgarttweets
717221771963998208,thesnakenet
15872055,merkur_de
479313692,f_t_m___
853664784247599104,burxau
281983000,Mr_Trebron
4364237475,shadesofamnesia
1493205397,calvi1956
995834874,petabrose
169132020,lesicilien06320
1556170044,ClumsyBloom
1174711912543772673,MrProno7
1020200431,mcbruddaal
172875122,farbenstau
207127302,jsulm
404890326,supadupahii
1100741688975392769,hasetalerin
614443056,AnnaNigra
973509128189546497,MangaVenaqui
2772357923,levsash14
3454617676,PoleyErnest
1212935802037997569,Armin17455589
1173143898459398144,SieteCornuti
1223786536224854017,What94563907
1086580311931191296,goldsheinbild
29426023,Sabi3Dee
1585473842,WoodpeckerM
4238747237,Kopferbrechen
1039964214,ffriendbln
2319593496,buch_news
732696821626179584,RousaRouger
1197472679672070146,MonaSmitte
227889765,tschrammen
29268491,matterne
3344123464,BARMER_BY
383950665,stuggitv
965294487554740225,LTrug1
282912700,websterelizabet
764261361044037632,dmills3710
4078421,michaelreuter
889937894202363904,Crushian_Reborn
1338056780,amor_vuelveTX
2582155903,11straker
2478349112,BMG_Bund
1170419673067872256,outredningen
84260553,Bazilis
4248965571,Thorsten0711
4710323235,FlatEarthBro
1020349367859990529,Elettra03125933
1110980704316342272,LinsDom21
2207733949,TomasiNicoletta
480740669,seresini73
48461963,epiclove_
431764876,fila_12
3997977496,incazza1
1443277326,BeatriceButi
2804233346,alkhimiyah
770738707838173189,crissina7
1050823927382069251,BerteroGiuseppe
72246169,EusebioZavatti
211834139,LaSany88
120531227,messico76
1361994499,AnginaPectorum
1055863542023360512,leone52641
4708550595,Maz67Salvo
161769014,darioandriani
1161537993943003136,Misterm37397142
905057639121522688,Stefiiiiii
1251089251,salidaparallela
703878828,MarcoParpa92
1219920609334919168,AlmaDixit
793132699347279872,ericrose02
247193590,johnmquinnv
3860447415,mai_manfred
1024562464388726785,JvondenBerken
572391626,Garakus_MV
813368861550637056,in_dictum
216356102,elba013
843084132414570496,CoinClinic
719504461211832320,unstoppablemach
941330874498416640,raaynetwork
1361415758,frisch_fish
982464824,IvokainKrieg
1205897094092984321,LeviathanSprin1
828539338464047104,comp_aut
2301925466,Liese_Mueller
14341194,Piratenpartei
1334295828,buntewelt1966
1199772294756945922,l33tHrMueller88
25067135,RTF1
240710359,NosapaiD
1161220753485893632,Luca21014104
50975033,fabriziomossino
969960883072983040,rb3new
220298045,BomberShuster
57021993,schlichtwelt
539293857,RadioMonacoFM
3094105661,sr_schreiber
402821533,Blunaturale
1177051177,RenzoSoldani
1106188385591402496,Luca80093108
2249068752,LaMarchesa13
1043099688,profluigimarino
192948690,MysteryMiki
862699241793351680,michela4861
164290535,anchesimpaticam
73169082,eccezionalex
1961297834,ImmaN_89
862595013661925376,gordon_digital
850249698338258946,GiulianoMonti0
913837824138457088,cofrimali
2834735661,bubbel13
352607567,danintown
968616575623401473,PSmithDavisvill
732502888413421568,MSI_BW
23772185,DanielKoopTV
950724820991447040,FatcatGermany
2981863919,Hrafnel
1021122050126229505,august1vi
135138848,bsterix
834034093679575044,John_VfB_F1
855819511450226688,piratengetweete
497066585,TarikFFM
47960452,sdobmeier
836127782,strangespring
589148754,depperla
330310664,wibramuc
304622187,gizzo97
220419757,lucadotti
17649573,Gaudo
729638557992759296,tizziviola
378489654,RobertoScolla
2317745146,amvcpaulo
437041156,_fpaolo
1098307907823824896,duespaghettjdue
591422285,DrThomasBruns
3266058196,klaretta2006
2578781960,MattiaIlSindaco
1274984845,BrunoZariati
1289341622,nicolo_bellon
614696833,salvogen
4322729115,Tandobice
2735301707,weci65
455667935,grafentimo
53994592,frankforu
127505577,stuttgart_stadt
282643059,jacopogiliberto
799178931085643776,Chris52155503
221339689,VDBZZ
431454179,PAOLANURNBERG
1102533622584786945,AndreaP39945186
1142141457555496960,anke_laufer
1605634177,hobigukbiased
739803742602678272,augusteo60
1153997250298695680,ZrQrkapiRHtLin2
3183749405,georg00114
1160560221560942592,danjjlo
1588279261,colorsconfusion
1872107335,irenequaresimin
82565367,ilseandlao
2814991504,cinziamartin1
754403068725301249,peppe844
962989620,Silvestro52
2353478952,Me__medesimo
395993825,lelevup
2214232422,BariMigliore
444225252,colvieux
4063380377,Brasviz1
266223351,Segnale_Orario
871272059623624704,Lollysma
1066798735785689089,finallylucio
2199548284,tota_mif
1205428280888905728,HamzaME13
921331679326801920,FloQuiRei
1127253218759716864,Hofnarrrrr
1228970603232792576,kecakurdanalman
748938940208582657,mbmalhinai
45368481,cplaecking
1141733765477277696,eso_ar
320269131,radiomachen
2827108294,HoWink
1223307253236817922,JayChance12
724627957873033216,ASPhantastik
210633097,Bonnie_to_go
478453465,HazMat_11
90697149,magudheart
860159705192292352,theowaldspecht
1140277666970570754,samudeurope
1314974208,sotomajjor
1275426734,lamico_dellABC
972776160701665280,piunulla
478007891,lottavonano
1086910918875856896,Ilaleggerezza
3618321977,XERDAN_Design
154972540,goldbloggerin
1133004105767694337,DavidBlack1980
1024583004105134080,RWernerTrend1
3306811,kojote
223879631,Hardt_am_Limit
42044823,schuerstedt
966089415968854016,aletulino
249348861,Sercrip
1262817384,MarcoBenatti_
144815882,Aleksch1893
967123451629666306,kellyklock4
831502404868829184,alammokka
897780487380500480,Whereismymodel3
33128594,leepingyo
1731945072,GregKable
82306946,USEmbassyPrague
617957237,k1a1zzz
17717287,US_EUCOM
4068487588,ThiemeMed
1524783132,Syl_Ph
1219206802358833152,AnnettePeter9
1322934452,mybucket1105
19762637,SZ_Politik
1625182813,laschingerm
46922066,InsertDiskII
1032954868837830657,Thanius2
14264097,sabrigley
56637351,USNavyEurope
871105544269873152,avalon5115
865513105,Coniptionz
1439310276,blacklilly95
717641555725524992,MuFsq7AaY5sjDtZ
312017402,GWSTB
1158828953429258240,MariaCBassi1
1052814254,Borjee43
884392816499191808,Alessiag2001
1086209325910110208,therealrachely2
2956358817,GiusPecoraro
636603,teezeh
3433322345,patridec
1390233025,bignerina
598536444,FabRavezzani
532920941,Icios007
91565008,BHXG90
848977592,SuperMarioDV1
1179151513308073985,angelocella_
1080832789916893185,zecchinato_luca
887200172815593473,FBuq92
808664718546182144,Juergen_Fodor
2355008339,Symonsez13
19866185,uschwerd
1057638837101494272,Fraulein_
1723165159,eccoda
1164155588927983616,NRG11789334
2300078259,PomponiGiovanna
257572429,itaLofRancesE85
253724431,BettaGrigoletto
2479620311,danieledvpd
860777497016905729,RobertaEster84
2845726755,monicabarra29
519587717,amoscaroli
619427761,FraInter86
2876346088,BenitoAtos
412918635,Alex_Cavasinni
367820667,AliceEndini
899952481,MariaAversano1
823176827422343172,Maria_11_22_33
402867721,Deutsche_1971
207490418,lucecco21
1186406702,ninoBertolino
41940018,ZhangZhangZhang
580026542,yonny_s
2430772131,fardagumus
1160559188,kumar_kalita
1331662351,Andreacritico
46066944,Nachrichten_muc
1218158554458329088,paulomuc
524148197,fab1231
1225688772093722627,TasticAbe
2562959317,MichaWollny
2185039262,JikiRick
1061724540672315403,waldblueten
340493784,Vantaraki
1021332450893541376,fendente1
1147484682663149571,3Figlio
764460277966467072,VivianaValastro
974812265483468800,quistis86
327379455,IvanTaverniti
972416048208203776,MARI151280
2573378881,_grazy87
367732575,Giannizzero_77
881825260978528256,montince
451428588,antoniodb69
22006895,alexarmuzzi
952461805,lallosmith
2942625706,silviajuve71
22004738,Maurizio62
213061611,Marci14V
1069307640,jmgonzalez_1102
1230885933538586624,CampeChristian
8720562,welt
1371292238,AdiHaTweet
779000835313401864,IMbawue
1223533055002009600,JackySadtj
3175653939,HausarztMagazin
22057580,dieNagashi
763522532,AwakenWarlock
343925514,luca_biasi
131886541,CavaliereNero_
4545135683,xuxistential
1019284731668594688,Marcellari77
341760748,conduepi
752893519719694336,micio756
4069173009,Bacc_investor93
1127560747,AleAlle89
804690201608146944,siriusmikkelsen
305255857,Rosyfree74
413240349,violacacciapuot
616053761,federicogottero
1077801097,IlSedutomulo
1320760814,marcarbonio
1179992876920557568,SeleneM_xx
2305468568,SirGeorgeBBanks
412264978,paolobertolucci
2682504734,gstml
153992051,Arshama3
754763048037023744,kambambum
1013960658826743814,njq5qd4hCP477fH
841718979802628100,Pietkingkong
3874205434,mikrozosia
1127240433254522884,AfrikaanseMara
97230763,Weilmeier
2888026811,AnnaT1414
4851322871,ErdemUfak
271471968,schwarzmaler20
1119939902215458817,TourayWinnie
4329057149,Vins_810
319685637,Princesse106
272506782,Francesca__Man
441973402,_MrWolf_
942524962560266240,AlmarezMaretti
332301167,NikonnellyPh
924611556024967168,Flautomagico1
1003005622978334720,CampusMichela
1495459368,DaniAgostini32
370668796,MviVitale
1061444319691841536,GulnurTursun
1223543377486061569,Bonbonaparte1
117610772,Tatianamonaco
3305251281,Fczenit1925A
2455165957,GeHegmann
1232436827153301504,Songwoobae1
14372458,FlashMueller
1034879584448245761,NobodysPink
751350358161625089,DaFritzi
2614124372,lemalive
619333977,GeneralB97
3004639999,Zefiiel
919825493117022208,OdeoMaier
1191858527284998144,HenryPa26671171
919640568128589824,Lila_Luchs
2189178445,ArmandoAreniell
3107574627,Fprime86
2596413657,ihopetoseeyou
555420716,SteveBestOne
3460278626,Mandrakino123
1169979820962385920,MarcoGranato6
14148294,austrianpsycho
192939414,matteozenatti
373886604,AleFavale
832941372336377857,AhnungsLos17
117701249,Miti_Vigliero
310198956,SchwarzerJ
1226568082174414853,Macavity89
2468099712,Thomas_Wuest
3407282159,ypical_writer
181948783,ABDA_Berlin
282634047,MERKUR_BANK
3131044486,SchwarzbuchInfo
1087038913,GrizzlyEisbaer
1673088866,BabetteBauer72
519584147,Angel_Lovely93
795703466207432704,AkiKivirinta
868553580818595840,abafreili
602794838,JeanneTurczynsk
1141108615853617152,Yeshua47009627
1013805067315621888,mrwillietanner
1214144317045895169,jurgen_gerd
595551879,bayern2
886523896261955585,Rappa1958
383987887,BiancaMia__
1151938477,kizytracking
1672748778,kulturbolschewi
137237000,Liitleb
430595346,MunSecConf
425139161,GruberRobert
1707837553,HuissSusanne
1017406888768462855,Erikduong5
1230338891330097152,TrnhNgcPhngAnh1
1047151467252060160,der_monk
132989193,shoushouswelt
1688868080,_HadleyGamble
3986961131,ArionMolliqaj
884401152284127232,Schaluemmel
903335415331086336,RealCraigAFord
1036984343657369600,NutritionalThe3
197234726,Netzkucker
146486214,edercuper
1106723414,pasmurm
1200201492411699200,digimarla
1173594275940052992,InspekteurSan
2372640683,SMackenbach
1189240932689993729,EliezerNgondo
938456118312960006,BrennerCrick
1197524216205250560,HaulingWolves
4249461693,nicolewerlai
4857980363,ferraiolia
767680327817039876,albisimionato1
127240232,ampv28
857638578691723264,HMcarmineHM
418248125,silviagiolito
263275512,simo_b92
1124441643212578816,gaxdestination
751820450,che_fidel2
1049660266340904960,AUniversale
533480083,dgcoralloblu
528567978,GallazziNur
470181196,stefidefelix
1116618372945338371,IPompeis
134559413,trescazza
2214182746,pataletweet
3008014558,gabrypez1
1446345186,BoemEnrico
349049168,oldbid45
55916990,ynnoc82
779951369302204417,DonBirraio
2173407034,PinarGktrk
2877832553,asenyurt5
3407462201,MartinBallert
3300891845,SevcanMutlu55
71282618,dr_psycho
1947841712,HerveZor
2150981650,refresh_taste
2696309778,Der_Schakal
384221408,pupilupi1
712150024797425664,wilmaschwab
190721818,mkrpooh
992686250,MariaStellabra
857836572,das_Ruhrgebiet
4221550048,SergioZ01
1062978561823334400,iceagereentry
35315838,brianmsc
999392583922184192,TimWals02423209
1207433145789886469,helmut_patzina
2499839022,NabiYuecel
995286348729847808,flamods
37925781,isoldethomas
1238447220,Milatrud11
217766062,upperbavarian
1020621505,Frau_Frieda
909909064162926594,Jeanett34822383
397174903,888Lara
1108485751916900358,Thebeardedcomm1
3179375560,Fruchtwerk0711
592813162,bighart0
3783309502,Susi_Sorgenvoll
36794888,SBartsch
1214553016826814465,Bushcrafter8
819462293939519490,CordedTanja
380397199,kalehill
917756296555892736,JuergenBraunAfD
383414938,matteocannito
457865456,AMalik25
957371092544475137,Frees_2018
2203719557,Essah667
1224660672425926656,BruckMatthias
997188878,NinoTibet
720692805971132416,ozzie8811
1130821611895033858,watahmaan
965145665461522432,qubitsecret
1188524858742902784,voce_senza
298029142,chruggeriTg2
274141441,TonyLopezPinzon
1138860461879955456,Dilmura36015309
117112549,Nayrola
2708650710,masayan54xyz
2744197724,addermonk
2829596064,KunststoffeDE
153240485,omaroliver78
1699584223,BurritosSteak
419540048,biBAni88
836311968625610752,EastPentathlon
1299792667,sergiofuentess1
4158425477,ltwbw16
22751050,AliAWPR
1635236654,ElaMalikova
83432215,anghelusz
1036487557775859712,firsthalde
142549516,Mario_Castro10
972865850,cinziageraci1
1161051151070105600,talkhyper
1207680591925305355,YavuzAyar6
389081753,bodo1962
426356890,smacika526
103174937,AnnaLuvPopo
2451994034,gwenhubkaalbert
1549943022,FAbdisalaan
949623124483559424,laurentdingli
444094538,OhWhatFun__
1279976640,10Babi10
1224690304286064640,DiTivu
3003254493,carmen_distaso
793367160341094400,smilypapiking
45443171,LioKlingo
1086522673,cristigalas
495313107,lozithum
3269203362,PaliilaP
2489640523,SandroPinko
2288712929,apavo75
402546377,AntonioRetni76
1290963050,Giulia_Giunta
1308751740,MaudadoH
118128444,SCML27
810901022658953221,sensazionivarie
1478260164,friggio1983
1053258748230332416,AdrianaSpappa
138755995,lucapagni
1165420249,iirpo
3170166166,berthayoko
274669412,UyghurCongress
2880037377,ikekatte
1195289402,MeMontecristo
133576642,ablikimi
2217939218,boring_angel
57688074,SKuemy
17893238,hirnduebel
1113159183946452993,MillerOval
19529893,mmjox
2360255202,bluemedia68
1091418394631516161,ricercatrice02
887707547284762624,angela_giuri
1030406933512167424,malyevacz
892018845359198208,BABLEconnect
560962474,RalfWersten
1126981034069909509,QuestiRoxanne
2721878217,JurgenPresser
1196581990973280266,Emily0Tang
2522751954,SCHBBRU
1166767398835216384,TH98931634
3242090932,SimoxDil
770075637591764992,FranzDiem
2410300840,genovese53
6566022,giovacoach
789334368598851584,silvamarcoange1
590357970,x_wallflower_
1257742488,mar1991wjuve
705746275,CarrieSPetty
706442659452297216,KDFrom_9
2965907939,rachele98_
763694739854090240,Amaro57024721
177905498,marcoflo1981
4657406674,FedericoRobecch
3064021768,notteblanca
2291902493,GraziaLombardi3
1127606800839266306,reinhard_257
1064698033835696128,JMikeUSA
18392798,Param31
512284039,kulotissima
2765105587,FelipeSwanstAU
1159815683951099904,hopefloats_ph
1002921281384304642,diventademente
459335295,Artemisthea84
740799716,rumorementale
342251346,sprto
554504621,GuyTotti
2875467684,anna_polegato
1004289348798484480,Pocheparole4
1092776430,psycoporcupine
1106146124606464000,Serena57891118
1122301550616088578,JohnGarbage1
40848331,agiani99
1166066165996765184,EnricoFurlan3
827830917313945601,CcPrakay
26602444,randomovine
739252137893449728,AliceVolintiru
2410781903,kamy_gu
4367421,pazborriello
909698696,LiittleSpoon
434839840,lauracesaretti1
1132037359,sissiarosio
1923630582,PaOlO_PaScAl
171842705,24Peppe24
2920432206,abdulrafeklm
86857577,toniomonroy
857321869,lapancarta
2514990523,stwboerse
1168953414421757952,germany_with_hk
108715973,ikerista
76914429,sang_alang
4276306814,sugiura_ken2
1214041652853014528,riazeng1gmailc1
3069727257,farhiya77
363606927,bin_gala1
803132614143946752,Sally8229650811
71531999,ludditus
1225437496147894273,Spitfire_furry
774271,Pingu
243774843,kekko1897
998259396684795904,nomadimmelotu
15268727,alberevil
292864102,AnnaL87
523801323,GruwFrequency
361225576,ericberenyi
75248775,danilibra2018
2830219218,ValenMussa
1051887048850898946,Christianzu76
882204132,fabio_sbra
776159898849648640,nexusSEI_6
3394348689,parcelLab
1085046995163799552,tony___zhou
815217208859226112,odeio_pessoas__
835093411736793088,astrocolombian
210650083,AbrahaMSierrra
489578689,RojasAndreaJ
109214716,WorldPentathlon
1032134312286674947,GhalipNadira
1039352144,Hatschebutz
1225089362288873474,AscotBlack
1164016077132578818,scf45279686
191361917,2020GBM
27800574,planetinspace
109728110,marimuthukumar
1080514685760430080,eXceedersTeam
798816242811346944,moritzheiden
505917488,migolalvarez
64494578,Ernestodalessio
35753203,penelopeblondie
937699493847470080,partenope75
34576174,IronicObserver
3037994975,giovastro73
1709667972,superpaperina70
4195964895,maldinapoli
899672546,RiccardoUrbani3
1068211124,neuroflusso
2853318946,itsamybtw
303432090,saraptrl
3632565147,ketelodicoafa
167594211,Xenia1505
280135897,breecorner
1006681369,DICANDIANICOLA
206887544,moruz87
1116301093405958151,MishyPaola
2586529265,solocurve
199206417,gplexousted
1180471037877723139,Tiziano88061554
538005892,zolu67
1174975232,comeH2O
994020107407056897,Terri55364130
2927037939,kimvintaealha
707605100,HugMeNialler98
463648014,domegallo_84
1011490686783442944,prato_vilma
1705628851,Bagarotzo
1041804853,LuciGuenz
1010525673469988864,ROBERTOSV8
2662279908,mschiavinag
216308253,giovannitoma
746263383473799169,cinziasams
1027122188896428032,fairytalehar
589843940,Leonardo_talani
267071018,Giul_Art
405027799,KatyRemy
2184944111,NaniPuffo
262326778,antorlandi
1143625080771088385,mitrokko
487830811,MARTINAPETRUCC2
532145908,RobyAxxx
1067562651436355584,WGladiator4
724208389,matteotuccini
1201626273166045185,AliciaLongo5
482823439,Angelmanway
790206792911519744,Clot___ilde
40701365,toky12
323185910,GiAdUzZoLa90
125941209,BLIND_DATA24
301361724,rougimar
340372357,32Zeta
1029121593195343875,Pliis3
1134186859846877184,vjllanelles
1365800478,CarokCarolina
375016406,LittleFrankS07
391359371,Luigi_Wolverine
555275359,ilpestano
4252136927,davoli_laura
1192511064790962177,Giusepp41094293
596665906,faberskj
414926221,PAsproni
1045170446,FedericoAmbro
52337911,papel61
2863869173,sorrentino969
170019149,breveinutile
978137395,Dertizia
334149677,Maniheli
409900239,GloriaOddone
105418009,BognanniG
610972828,ciapalchelghe
1019452724,foolbrain
1228412495431335936,micaishere01
330245226,dariosci1
599296094,AlexJuventina34
708043991,salvotorrisi94
1065254220,ClaudioAgos
939404858679091200,CrisciGloria
850734571,ElenaCordiviola
494305391,CosettaGiordano
194895383,deuxcvsix
2660717879,drya_fly
1187813266627710977,Aquila6811
1206257308910718976,Marco85435549
3317678944,cgregorio52
1846132471,Kl_pulcino
1372944860,laremi_guido
280690401,Tullia01
264388143,Emmetiellegi
407000871,kalufunsui
827102761,imjaneineedluv_
546646837,AdaElmini
254210313,spinale60
761875782478290944,cmbabies
1112492789688868864,__loveandlife_
1013363447843737600,killerxqueenx
1035281744289820673,xslavsquat
2625355736,xstylessgirl
2937090177,worthvouis
496854534,vorreiharry
601951539,heinz_hjo
396426637,P3droFavale
430839772,matteo_pelli
97746248,Eliana_11
493901532,barbara75toud
418163121,MaidenVojage
709638360415993856,ManuFilippone95
45857550,IamAdrianMoss
585916083,ValeriaGassani
154664083,PaolaJuliano
12395662,Giacomo_Brunoro
979342968057487364,CuoghiFausto
952054393393831936,Irene_p2001
412142178,Unacanzoneperte
2320874764,loullabey
351678178,Fragatton1
46096501,ddgiusto
964598799762120704,GuidoDrovandi
272065406,Marylena_88
51875903,potterhead_1000
3178449532,arigonalx
1120233303062339584,defyingravitee_
1147501530024685570,PBounasis
20197770,LiamNee
1044511480664780801,Chrid73037734
828610521486258176,marvgearyn5
170703328,bonko89
170729160,Luanaisme
2972149047,misainthesky
494929985,foriticapu
3020583010,fgiacomotti
2309331928,piscitelli67
294825614,virrrrrrgi
901908457988558849,OSSA_INC
3988651173,Nicolo230592
1001104042376998912,donatellabc
201104530,jlarreola
82170930,sophiecanaan
618325939,marchevrier
52679914,thun88
435187030,MauriziaPicci
1699795172,thea_ergane
504558008,luciamauro29
17053149,Bluelake76
1187702564944596992,H0leHarry
1596564828,tentoomvshi
1076068826352099328,_Facezia_
14830884,capotribu
801895595237670912,carlodesdorides
470443363,MannaDanilo
201718156,luciogabrielli
1041600142787276800,MariaVarola
787086834,Cagnols
1001549014796468225,Phaedru10686305
393647707,paolafreschini
831905911,FilippoGiov
8356242,FedericoLukkini
1057882184,RLucioflavio
1160032458,MariPiredda
602182097,SpaceCowboy21
128942114,elfo56
478894654,Keynesblog
1230556524,SimonellaD
1523261954,FaustoCrosetti
1227243021885853702,neveghiacciata
771743063303720961,Internato_
723698786,purrincesschu
1967099384,alexthor1967
784566226999767040,HindmanDebra
1192453531896352768,MilettoMaria
475884705,fabioduro77
387067689,vannitalpo
707180516240396288,eeeeehmacarena_
250811827,_ilaryl
63766605,giuseppeflagex
769997472,luukesphotos
367637772,Veeero1998
2345206182,nicomar2610
422042010,annalisatani
56181278,_hedaleksa
996681805230157826,prdsd4na
194275275,FedeVarin
1039990243771015168,Frances68228484
1045575643,ridiconmeniall
463020058,lorenzobellocch
418135188,Lollo0202
2760622125,lucillalilla
1680172700,BruniDanyela
412601910,maxcolt64
1886064870,ilSimo73
131315819,minchiasabbri
758409638618497028,lisabluemood
2688705527,QuinziUgo
103280834,marcobellantone
135588205,cupratings
729524888,MarcelloCaporic
1004447636450136064,lennonspoetry
385408308,tfabiani2
186013975,angelosteri
1032260427479244802,sereleoviolafio
1247286475,MorenoDuo
895707630722854912,PatriziaBarsot2
511676243,paologabi
29677727,rafmonzy
384439031,DajeMuenchen
3063946601,susi_pie
477831284,ElisaCorradin
2288167912,ssalerno2
1106132540530872320,Kurt42795124
227632890,marcobelforti
971283490678374401,bellaotero82
1159381206238224384,IamLiuk
73971750,riotta
1235554272,AngeloMannini
2458220716,u024952
813813735945105408,MassCassano
309212747,CaarlosMeneses
3586257136,Angela3v999
222139456,Penelope48a
15249025,luke_anto
1366626498,FeliceLubrano
284198280,EpyAle
29442185,Max_Alle
110218135,Marcello_1979
1038389942,Rase81
1308445934,_feedeeb
906352801915314181,nancy_9476
1326873224,Salvalentino86
837926488821350404,paolamussino
436124417,paoloabbadir
883736059334537218,Gio_Ga78
336996257,RosannaMarani
173074062,gigiacanfora
810922730350637056,elledriver86
492392399,pippovich
866705562049945600,MakeDavero
552693041,Carmenosky
923436725573169154,SepDam
393651538,ema_blu78
439479080,SMannapoli
1109131712183848960,ElisabethWolf84
985104084,adoryeol
2862977109,Luimeliatrash
1060796228,massimolivier
413304307,ThiagoMezzinho
1407784639,ChiaraRommi
858748778,DomiziGiancarlo
326092733,cimar77
2176267065,ab_cstl
147289685,sswallowthesea
2193500617,sportnotizie24
3227442150,lookatnoemy
486146467,fra__alice
754748554665664512,giuspeali
263189382,damy85twit
22064540,Alessio17
1031944258129997825,Rosalba80634721
17178094,hardstuffmuc
714810108,MuffinCactus
884095964730019841,AegisBridge
366228620,ResiannaM
981274386,giorgiana71
293971696,fsartirana
2805055606,marcospotty
1218934852290072579,juventwitto
309878396,GemmaLauropoli
1057632438938099713,massimo_camera
381706485,Vincy1993
439081205,VeronicaSalva74
3026781512,ziopirro
2156447281,Lordbrady
78436182,ariannapiccione
1277289132,Mardom74
897417492569751552,mario0549
2256727137,AntonioDonatoPa
2342210876,RoJuventina
3194573930,pvsassone
268773741,daniele_geek
221114027,annaerre49
846019754,salanna67
917018388,EmanuelOian
2766471181,robbyfox21
521421171,MeScapin
519601450,Berdo76
890843170220765184,MiglioNiccolo
1208421133445406721,SenorTonyGarcia
485029333,luciariva1
1033988489426227200,LeonhardHahn
19587683,SantuNicolaBB
1977621074,saumauro68
752126616,PJUnofficial
1032691285,eia58
1191704578884014081,christi56076227
456619488,veneto_
2186318777,ti_secchi
707239417132539908,FraLePagine
1372682527,SantellaMarco
4227163463,GChiaborelli
384148042,LaCeremigna
560203487,giulio_galli
944570198,n_piera
361975903,russo_sergio
573011711,Giulianamunafo
958633201,an12frnc
3337540222,sca_loredana
1026457428,HakulinenMaria
417893972,GalvaniM
587887467,_ll66_
39240661,manginobrioches
9584192,AlfonsoFuggetta
631950372,alexiula
408522952,Medaktuell
192688721,giulicast
1222238431306227713,Giovann36202660
1214955446,alcesaroni
481824392,igergely1969
4877601425,marioricciard18
907907828224012288,ElisabettaIori3
539962117,MariuzzoAndrea
2647427506,vagabonda1973
2992590033,MegInCina
256660575,alegissi
2880084795,75simonetta
375704282,michelatini
306363599,LaCris297
864835383749730305,EnneVi_78
215087363,evagiovannini
47154019,stebellentani
1150021570221547520,FrancescoRigh10
3939678677,Brunelli32
939155492705832961,PaoloBricco
437754476,MartaLio71
893067019,giampabe
3174018327,dimmelo_tu
433413611,non_si_vince
244140469,Svagaia
1080459616927039488,Massip201013
50598277,wicks_cherry
392987772,summa57
1005980574,LianaCiccina
3248511540,giove_luna
1086700214,AdalucDe
62942295,Weltschmerz_xx
925457033738047489,Luca_Ghe
371820912,ClaudioVetica
330532430,ascochita
339094915,AnimaCeleste
710556323688157184,mosci68
213054886,valie_gi
1573757364,ValeBottallo
807888878979923968,oGkwWe2dDpu2zBm
1123278787578355712,RobertaAvolio74
462427721,alinatede
52207353,rpiccolo1998
500748464,silviaballestra
486822096,ANTHILIA64
82905612,uvillanilubelli
3040064722,_damelio_
1556455656,RobertoSignore7
1207208042535825408,OttoWarum
47629372,grisuccia
2715017753,felice_modica
553114200,EmanueleTomba
1165547248173887488,Soulslayers1
70716055,skeight1985
708531829,luisanna_ardu
231532675,_micaelaricci
859174798437617664,FrancescoCPanda
738839237919944704,lpha_bloke
2355256140,Alfonso0070
2472591199,claraiatosti
585677915,ale81eli82
877535285277597696,TribvnvsPlebis
3371019309,piapinuccia50
2230758237,e_balestra
1145374949982556160,RinascitaCultu2
935441251,vitoclito
469651287,BBattmer
407223882,pierpa_74
1022555336463532032,Cappelletti1977
488895138,sghi29
269925832,inter2010treble
25071640,maroffo
1012033926360190977,worming_global
614771274,francy_0207
38846888,faornano
386695561,SebStefano
379641776,GianmarcoMona
40468570,toninospinelli
401650330,PeppeMorano
396448393,SaverioSturm
1122148123,GiuseppePuma6
78600398,gggiusy_
114730310,gabbro94
2963901225,andydotlutz
2180427250,robydigi
4478073616,StefanoZukunft1
969871723,GG_Hoffmann
1212689012902641669,sabrinazanella9
454398855,AntonEvan5
930194618,tobiamc
1088813024,wonderjake
151389582,cbocconetti
24545954,Rallyefahrer
1968855794,speranzascapp
2494702278,ColucciLc
377660882,Hellzapoppin80
10606682,il_moralista
3130741887,_godgiven_
1909044948,alessiorozzi
964216159536115712,Patry_S19
1288406971,f4f62
3087331659,Nicola_Bressi
2611266670,69_fbianchini
1075362769925521410,sheyrazkook
2470692079,Majden3
431012446,SimonaCroisette
2835088744,AdrianeMelathie
244596457,Lando51
2260532036,gemmapontini
2414609995,torillo59
4868368719,paolo_cesario
970095434,delletidi
498919261,ClaudiaMormino
1115878065702408192,vincenzoroccas
701445550705606657,urania2906
1004115164,Barbara_2105
63954406,chanevlucy
390624950,Dessousandmore
50346361,mottolese
91598969,papero33
164270252,daniloturchi
2787282340,LeaveMeWithDrew
428289775,Domo_asr
1673424528,ester_mercuri
2876416811,CaptainBenski
984438752,jokervilma
1220036322041176070,Gsarti2
1083783097869651968,valeria21602823
541110896,_3nike
413780247,candi979
25712267,salvi_greco
1142364620138717184,Martin45385734
513493619,AlbiSaStar
2891402991,edo_chia
101700279,DiBellaAle
2373478067,bonetti_sonia
1723514893,iaMiicenfire
1351253532,gnagno60_celi
461930607,CriLorusso
1606477722,casamiaw8
1448383314,BeBlueBall
912423637604536322,Giuliasss3
30434024,memo75
460226131,gpellarin84
223215480,ValeSunny
173097605,Alessio_22
65934498,meriluis
2606389745,isamiccoli52
765974953925771266,paoloristori1
324835987,cuetherain_
4763666843,opissochiara1
3375604709,ailinon80
132883347,fedebolo86
2326719880,Fedefiusky25
401568347,PpPagliaro
1930020806,Kuerbislecker
1708087921,navib30
465408460,13RomamoR
475197913,U_mBertOsTwEet
30273954,jumpy71
1013577343,francopolidori
2911280733,ciopi521
458374811,teobatty
783978818994307072,Wertigo6
429837311,mamamalachi
20302085,radiofab
1148910271,gusmen78
883743652664750084,KelLeaoJr
832715841082949632,albaniangirl0
2809989688,RobertoCoulson
9377292,byb80
1218106395389767680,_Fdr985
626501000,loop_us
2310684649,00Zucchi
839698230,FabioCapra3
369728921,ruiciccio
1324518260,giuppymassaro
1362735834,kusa65
818599310229172228,Jess3Pinkman88
894992365,lorca1973
991447665715052544,desario_michele
858972996207353857,otpsmakemeshine
777506688316411904,IlMondoDiAllie
1039186891369799680,Roma77Kaos
195357575,sololivio
486989513,AndreaZangra
1186000383925260288,vento_col
894227537894813696,mcvilla73
971323446507589632,rosarioT1970
1201482463677239298,OfficiaLucio
332723125,AntonioDelLatte
7414282,mlupoi
1318178521,GRugini
991015370,anitawithat
1568959117,Jz_8p2
294489889,micatwitto
221467030,gnokile
3399075250,titzbiltz
1063899966,sam_samu24
2838149729,RiskDataScience
440737015,MicheleSolari70
140087572,luciabrascafma
910186361940054018,AvemariaLello
972761015669665794,valex_cinePhile
41102501,massimobolzoni
1124005006615748610,Biancon3ro1897
495955614,VivDome
4328992043,dbgiovanna
46368697,LaBui_P
44846660,gigio_muffin
41321848,roteskreuz_de
2253774090,delenaobsessjon
1201107356710588416,ZlatanSs89
1045017683610267648,antoniosalaten1
1916262774,Holden1Salinger
1035230581976649734,ItsNotElisaa
837685604,unnoumeno
1001196759950004225,http_gayalaand
65853105,donatellapalma
401464281,ajba117
1119790290,hello_ladywhite
83578277,Padierfind
102438323,besidetay
1024050070881271808,joseph_kappa
282492821,MilanoRiccione
2189230435,mauriziomeland2
3408780791,Joseph_psyco
3139667865,mimmogammella2
4113590303,DieguitaD10S
493627374,LeAmazzoni
4203238161,Giovy_1981
2289505911,romi_andrio
2714205666,OneWicht
1017061020,IlaLillyScotti
448214981,schatzi4234
396796879,gabbianone
4208501391,CC28101969
241044776,quellodeigatti
1047987218,EdiPrevis
172278444,i_essio
1216634839929163777,Inthegarden19
309316502,GiuliaBachini
498620831,kuukkeli5
952256618263203840,LaNeige___
397555068,Nicolo_P_
235104039,_TheDade
1196764755484139523,serius29841286
582037496,r_vaccaro
982905199911145472,menalanz
840036044,Cami71Michele
1000081387460988928,ivargonx
1474066110,75_francesco
440105770,spolettina
510130955,jschiavon21
1035166905424863233,Malvy89611841
637100412,_dreamofhope_
1181907411550048256,skytoubar
1009537143813955584,gabriellabocca
829262267443187712,Federico_slvr
779415819126059008,estrada_pavel
43650594,Aldebaran4x4
1016661707958243328,TFaolT
1231146032,Philosophie74
387866747,Strasslady
903909088580575233,PlahrAl
3102352101,Gute_Ilse
838118886377730048,drjdvalentin
1430281794,afdmunich
2405027166,whettfleisch
732918604061118468,nunnurnoch
778123776714219520,QwanZone
1149556945621155840,AndreaZardini2
3092596282,WindwahnT
924675919578652672,sylt33
3053231578,LangeNase
734648708474802176,kuehnwaldemar11
4211098108,MiBi2016
3171072520,b07292cc5c75469
903258170214187010,paglialunga00
723210204582666240,hatmitnixzutun
1708221920,HarryDBean
2349314122,Kiki1Bail
991378769066758144,Mates60DN2
781428840711192576,Laubi_RO
1070236072737730560,DeutschlandXrp
2364568520,buerstmayr
101432622,ESchellenb
120463423,freitagsfrau
1013834405884907521,renate_menges
3438043463,Punk_mit_Brille
1035564177996361729,catmamsine
20563106,kiwifruit_
3067414589,DominikGoettler
920008050253139968,Mab_813
247025827,AnorakAusFFM
309277206,songase975
560403416,walterohneH
531049636,Chrismedial
557167140,bichler_peter
1037822730979225601,kreatiefer
471819557,Tolka2003
962264680659070976,CryptoDuckyNr1
20591712,Smaracuja
538461403,fdelprato
1049313802578276352,NatSicherheit
963031213,yousitonmyspot
23959373,sundrio
77552113,majorsound_de
80890155,kreisnagel
2985512195,utawie
169682851,IncredibleJessi
1370437022,FrReschke
360453378,dicky20061
947889104544509958,T1matix_
91556686,mauerfallkind
1228717975269781505,durstige_waemby
1205543171717025794,Giulio23989777
424410576,Vale_Smurf
4149568406,peterbeta69
997551380951859202,HighKamilla
120473628,AnneSuify
328108869,wikipushing
17461932,SaadBassi
2980254689,jabbelerina
1176116405277773825,glanz_markus
3176482114,EKliesspies
2322278102,likedeeler3
740723155,adolarstone
115047949,caro234
104228543,NatalieAmiri
1130503652865650689,filmface1
25911311,xyahe
843071897965395968,FrNachrichten
2243609715,gartenpfirsich
930825902124093440,BTC2Moon
811541688296624128,JThHadrossek
905920560,tumalwas
42046955,StefanHechl
887008812586160129,frustrMamys
21329011,Muenchen24
80385611,neuroserve
427300036,LindaYildiz1
1075323659017961472,LouisBazel
112960614,iskandre
89027492,RammTammTamm
756451880541323264,ThomasAMarx
1096487315021709313,Anna77265583
868670948,LeoVenez
723507361848156160,ThomasTietz1
756566378593779713,_Apuleius
4684435970,KSchwoab
200459590,Holger2019
897082956778549249,BGummauer
942126143980933120,suedlinkkritik
870323648116256768,FrexitTV_Twitt
409105258,PaolaMoschini
2559387109,Tarilafari
3055982918,m_kueper
2602925559,lorenz24master
136986000,Philippveli
408365384,Goettergattin42
17924100,jbouhs
41124846,grabitweet
32849722,Lancea_Berlin
1010840134219128832,widersitz
300899750,cebu_11
3207861899,the_solartube
959149004851417088,popoloZeta
174759440,DaisyBree_
1718189328,SimonTschannett
822927638671007745,BillyMuc
1040071664,keller_may
2180647716,1wrong_way
2527815351,_lnnen_WT
1188921884534083587,WolffKramer
892729368,edithmair1
756871023996395523,MaggyLinde
3439307753,mariae_gloria
1385380766,BBystron
1678650126,LarrysSwallows
267384444,GRouffet
206187205,onlineflow
162635269,Werner_Mo
240842237,flo_regen
112834585,Ztgei5t
1569181530,KodilKro
2862997497,seyfriedmichi
884843005198422017,FinsterBert
872190273983582208,freigeist1975
519553325,PetraPichler1
589283111,CorkScrew12
19293526,woelfelc
1124392800685121537,Christa29930995
904033152,RalphArmstrong1
294561914,y_lord
825730639194361856,GraefinErlach
230994770,der_beck
328534217,lullaby2007
884094208923103236,imageschaden
2512040634,IFlck
1539407683,strofuggi
1221563242977419271,ChicoCayetano
827579965235458048,GrauMatt
471386904,fraschloenj
110439086,MassimodeFavari
2376832139,mawedler
1136931957307297792,Petra98634989
4699607953,mp_twentyfive
1017508194,rosanna66886427
122440276,EvelynPintado
2907658287,alisporchee
2775981333,rivellandrea
499082927,xbtrsvoices
2241317641,RandallFlagg71
4864180870,DianeMccahon
2290190444,weitwanderweg03
178537092,MarcelaSaebL
703386818,WaldoVanVerhoek
719217492875456513,Anina_Hundekeks
953874531395006464,BohmeSibyll
483016079,vintageparadjse
1119374145664557056,OroFabio
1160123245,MMacinai
994896131200077824,MichaeLaGrasser
2673339623,groemuc
19725119,udostiehl
215795742,stephan_horvath
15155371,skglas
419071151,hart_neck
1090941924792590336,AurumIgnis
775770364538396672,schidly
17895011,galoki
811093269073526784,alexA1975s
15164012,mahrko
465464172,daf_news
2374956468,Morgarthe
952556052,BarbaraRidi
901024626402357248,max_pell
885789689818599424,ErwinKussmaul
20220913,Rangeeni
12262052,tmmd
116225100,MickyRust
82082384,DerExperte
166726946,ak_text
883158602,neli_celik
592015708,Landurologe
264681559,FauPunktKaPunkt
1108447158582292480,pattychiari65
1061347476,_janeisklar_
2908995107,https_rosy
3953147712,ctlove1
259795925,XuPeiGermany
798916520,wodgachef
345858289,mishayah
1710490044,luisannamesseri
210636758,mumm_twit
3619108397,Francireggia
51174843,EnkelSchulz
820376253198901248,andreas_waller
906275624,vaetorna
4024562895,StefanoRauco
989920521688092673,KonradHaase
3432926591,RagnarSi
846997071903252482,Wolf_Zonen
3170949297,KolbaPeter
16838292,westphal
1075356096959823872,ChrisH81992992
847401498,Danniandricco
1510265586,echeloni2p
49029701,Vena79
1917663662,guenschl
1346286835,yolyjoaquin
1156598479009042432,KatrinMeiser
1221916352,melania2013
15722415,cyrio
2324447806,ziobedo
3794450248,BackanForth
407025911,eliodemaria
768806740431343616,twizybaby1
296156199,Vittoriozarrell
1085528495135092736,Nordkommission
101518275,lifeonground
262114331,hoerlc
1101448806,simeoni_wilson
102915756,zinnebob
99997144,HerbertKoenig
57373293,theolounge_de
584188333,evreeeeenn
932255256,DianeDotzauer
72222448,hypeenforcement
959600506468519939,TheKurtamous
263647843,_l17r_
4885068579,iseethings6
4218076331,halegga1
3012533567,martinmeddl
3346354985,shellysherrchen
50471279,Yolanda1401
796430337567928325,wileycoyote12
1365371286,19donatella
435307660,lumachinaturbo
2588151718,wiese_r
180317088,RobRe62
1097584064960303105,kohl_torsten
863961165273190401,Espelkamper
1026418206,dileguossi
1053663578937610244,Iw1prt_Alberto
161735436,PIRPIRRR
1230887757565890561,RaatzElias
562733682,MillerAnj
1190223732,SophieAschen
1171346639061168128,Bratwurstdreher
93816729,ResiBerlin
2394620323,HarryUnflath
18829827,fabse_es
986714714,DossiCarla
888515314652241920,kpop2472
1168797480,bertolire
1155511298626600961,KinderKurz
604883587,Emergenza24
962799916430118913,Kirsten18327021
1269278604,VilmaroSorelli
1359846056,Resistance2O20
2258102198,fozzybear77
21178133,Boomel
1157618192,maxpowersays
1177176331123089408,CarloBelli6
907167779219894272,jayshrree1
52149776,Abanali
51878272,Murxer
830477446084452352,Chicomesol
244637254,ywcats
947918747725107200,KaiNedoma
618175181,Theymakeusproud
372488770,chiaramanna
1076589658518290432,wandfrenc
193356806,xlikeskyscraper
468203467,ilbosch
358629847,s_baldolini
418683219,SemioLogico
130759670,pego_enrico
735185898162114564,clarapirolaa
2994137103,Marteensis
1074408097563754497,GiadalaPiada
1879216034,past4lsugo
418176545,GiuliLornat
2594596220,getclosertoyou
3181214374,LulPepper
860905866370969602,mitchythekid28
460453540,Millyto22
15354820,3athlon
1397599338,obelaspeza
374718632,papio54
2252146516,MgraziaT
2697740333,BailandijiusSP
713804520464261121,Staibysser
192305332,Leywinja
982629740430405633,hobixer
1121004453245616128,cinpyan
2958878585,INBUCASEMPRE
260619570,DerAufklrer
615117274,CRiedesser
708234367836004352,Fastlane_S_86
287084358,ChrisKohnEfron
73863839,ScholaVetus
934105328140120064,ConnyRo_Bln
163488122,FernandaKellner
261312429,schoensteiner
91315693,MonicaTedde
1202664745423319041,fabiovonmuller
217145845,Extaticsun
740770152044716032,degli2811
4577632036,martinoloiacono
1891212823,__harryshands
410748533,sabinomanzo
3048192892,chiccaditaranto
728142146755158017,Cubi_AS
3118837983,Boersendoomer
1045917158981726208,SeebrueckeMD
350920742,bes_d_f
7014182,jetzt
1191558961,RizziRes
244574766,PanPagan
501681543,MihribanMemet
789548895621746688,maurizio_fa
1217788680577916929,ManchuUnion
1552464768,frankowalder
944611465,TvMixMax
1537073654,valemontalti
821821488361836546,bluethenstaub
936060366,RPojer
42997971,Osmin__
1171095843304280067,DemWichtig
422510951,Il_Brillante
495323941,DOcastaldo
3309422527,Trump2Win
2793828610,njallshalf
1010213420703141888,elysiante
831954655,PhilDuranti
114713424,SkopTRMITO
1055666113,raimondobenin
3039726772,Aljangelo
527270217,Honus888
493459733,AliceMonni
54621752,lucialessi
323829201,Pazifal
3341089923,call_me_Shdw
310406646,achimdittler
96944615,aloa5
895017951476281344,Atlantide4world
804650843135938560,marcagrafica_
346769301,montenavigante
1224510114763173888,WillBro18619812
774531044611678208,justmeelss
19623685,bridges2italy
80800571,BCAgroup
118758276,AJ91000
392589825,pccpla
779870528,nicola_atlante
413448728,amgcari
388776762,gianlucaorlandi
500117519,ThePicchio1976
1229706052112994304,WealthBk
2305043174,fedelebianconer
1223383716350898177,sunray108
805368768415354880,atla_fan
453186451,Re_Lalla
1156663782,gianceleste
855382459403436032,Elisabeth92390
433273896,JacquelineRastr
29723898,RedaktionEP
4173642952,Mitramacco
700946136979349504,simplyantonioh
39986021,USArmyEurope
1027608202832224256,ISM80802
2447724572,maurizior1
489501389,FalcionelliFede
623974990,williamaulicino
507593498,ecakir67
986569138251452416,IschiaCarla
471859605,egos23
347348365,Shaker8s
22009205,ceranto
1190315901280755714,Benediktvivek1
489331719,eowyn962010
483174530,EnzoUrzo
1244603340,francezca_
257527656,mentalfloss4
1978670191,_andreameda
1172065298473717761,MGrantorino
1026122636,NicoloGiraldi
424355891,Fiorellissimo
3204804125,BaumgartnerGeo
2430898916,Carpo1184
22399339,lewinni
564638873,LevinBrunner
1113451221153722369,DonaldJ48630478
835946146291937281,MarcusSchauer1
3095645451,LarsOkker
3467703201,MIGFonds
840029179257196544,aysha_jawed
507294922,TwToZo
576542327,wonderwaell
134900781,bmilena
2889505617,MassaroNadia
9794712,yovanof
121089496,gabrivev
1191707029,SARSCoV2news
4621311087,AndreaBonturi
8387572,p_luti
1202025809587908610,pensionaer741
1107658628201357312,CelineMotk
749018468,ch_zimmer
1061392014950969346,AnMaMe69
1031271770400219136,StrasserGregor
20515291,Sevenbey
226640838,WSJLA
466808799,iwillhugjustin
928789043785199616,frumble
355601424,carbon_compound
763762492313042944,EvAccount
520907785,miyako_0202_g
1000443940636692480,EmilyPennimannn
1175135101275037697,mariama11178679
1212330257090412545,klinki14
2976322906,sampiyon1963
1375440775,HansUnland
159419793,bn_lingen
549789032,MasciTini
97245163,simonamuntoni
4853628435,solonews1011
725621472803323904,claudia_mrosek
1201258829482205185,IlariaFruet
867021026345058305,XPalibin
3355180288,immer_bereit
390677950,Segeltexter
1007823913253031938,Rosenro71672728
1562020364,NEWSTARSHD
2353257175,gioggsan
2969405391,scheerenberger
275219328,DaynaLiffey
746773661835747328,CittadinaJ
829182964756054018,RealAbdulAbdi
385988651,becio81
265679140,virtualex71
986361108,damasus01
933063776173285377,goldenferrum
1004097176,beibootpetri03
1185325214797840385,MarieZom
2478905336,mastefanini96
883061880255860736,sabinemnch1
1058916510,yu_creamy
528697620,yvxking
541824556,MichelaRoi
342588147,LukasJenkner
168191114,valjeanedizioni
481409710,Bart1705
607973471,HalleSpektrum
2574112961,Carimbri
132151462,kojakie
1230139480490889216,Angelic85036911
428931682,AndreaBertaglio
117424644,MSLDermatopato
837024514739421188,cinzia_pietro
1129114867,manubee777
1642593973,nicolawitch
1459430522,ChristianGerde2
1216506133965430784,ovit_sick
1264572464,Gabri0344
1143393739,PietroCuratola
198271486,der_ichbins
107131420,mendelinu
109889428,biaohs23
2546258378,MikeStuchbery_
51043881,19GerMan88
2664466497,DeluxeGini
498256607,whatmecrazy
238939512,cottonyongie
273954815,matteoparlato
1380163632,AttilaAzureRive
477093116,emanuelaflammia
1230439970994819072,GrimorioStrega
1063340883213512705,Hol_Schroeder
1121920898,braun_daniela
4764477894,SXSCHXx
1141839343344136193,I22019
47430335,Raider_MXD
1912288435,ERivetta
855746622910803969,jillwint2018
234523897,sunnie2003
1222279764662198272,verena_janina
2882566694,whisperherz
3291200593,fateos1
858851818956259328,TonkHonkey
302028377,TatjanaWeller
955453072381218816,Der_Liberalist
20062220,KatjaKorf
1036989830,TreitnerS
21864513,schmidtmarc
854025815675326464,DRK_IuK_Tue
88106967,WWeissenstein
308634841,ydillinger
142549999,Pirat_Kristos
1305726500,68ardR1gard
890186168490496000,mingamariposa
2505447456,Eigenfrequenzen
116437897,drklvbw
161373426,il_libraio
788319768382242816,hn_rebell
1061875052923285510,Barachi76758473
1037305130,aghiosxf
113979117,Cassius_Antonin
250251959,Chickenwing64
1002786151,fernfunker
3039333173,MightyIcebear
967312350117351424,greate_paul
1391322536,scorpio66966
375678943,frickelsequenz
859107610041221125,gunnar_ror
850349883303350273,hsuergit
80391805,hhjak
822573757445341185,PagesMonaco
823517505771700224,Ventiand
977309495033565188,eflatmajor73
857923010501758976,cami_dkfz
1206632114734714885,AdrianC69335689
3431885704,communistish
583041023,mmuenzl
1227871743970365440,KapplerCarolin
795598671123509248,AshaVaradhi
20127554,Der_Beweis
315774212,AdanaliKaan
1055605594932068354,_maulende_Myrte
527332671,hybrid_driver
252498458,DerTobt
729610790957924353,KozelBW
16318187,brian_piper
248305710,ShapeFuture
1261626800,Weltspiegel_ARD
1192482364947156993,RuthWaldmann
12890622,BenFlavor
738270566625509376,fundresearch_de
840677701706956800,aarondleong
1368793633,gjscco
1059877728,gyomax8
408084708,gothp1
380932911,sohrab_taheri
1204416028857397252,workisfaction
557168124,Jeanantoine12
817417719654006786,KaledNaseri
1396874786,MikhailovDanil
576144150,TrekkieGemini
548789816,tracyrohan
59587480,TawniVixen
869727931,RotesKreuzERH
134800854,21stTSC
785331181,Alec_M_Currier
3312065387,BioGraphica1
3403848304,Comic_de
17087547,JDRedding
978988313800359937,IHK_Mainfranken
955709459065659392,WebSecurityIT
1225127510742044672,Bernie69691664
1142780430632067073,AliceB01973554
501951935,_mary1503_
1041459310281121792,Karlos75166507
4899024233,JenomProsty2016
120806223,NavitaSrikant
1032744612249698311,ThomasSpieth1
109388722,RoxeyLau
120150996,roissypole
2847900628,Zooropa_3
467609115,kizerbogeorgesa
1364239537,TusikRitusik
999173023939923968,bitmarkas
3656206281,djbse72
2184772618,DrCDuggan
1250172523,kistenfeger_h
922569886592880640,HabipAy19
1158253174085603329,K0nservativer
45381024,HeikoRetzler
2552720964,4holmDarwin
2753722905,BMalix79
2833078354,archangeljf12
2931031013,DerwahreGrobi
1649981815,zettinig
355764864,ciremaina
1143282225934479361,Tynca1
1222155052833497091,ThueringenRT
1162879711191719938,FarmingIsland
1013556864,neungugoo
1115351988999532549,KSteinestel
228148170,AlessiaS83
2449641736,GroB_Marc
2327687975,et_toprak
976090796792385537,ichbinschoener
789168833210687490,reliep_dave
3425726195,horsthorstmann_
949584007452332033,kryptokindt
1215650883419168770,Sabriiiiina2
4266848849,HaubendauchaC
976485189374312450,SonjasCouch75
1116407447470661632,FHausaerztinnen
883203948110385152,tooranaga
38194101,Gloeschi
2383863565,muenchnerrunde
1197226185262092289,ObiGiveaway
560455757,mr_mehdi86
2421131155,technics1959
951521139108564992,AkinomBe
22177544,Innopolis
860985093321613312,MajidJa70163965
714487259916070913,m2aleks
161218652,lopeart
931920531686903808,sigmonics
1064063686464204800,pscisx
3119096980,Grazywalking
531010002,PorscheAus
979810213904527360,nut_meggg
29545889,Patriot_ncUS
4904217340,nicitamarx
1083330726,jhnmcky
1062695293,noaDenka
1183115348872237057,fting689
748219746714271744,1fcn_1900
333551540,bakaray_
134471066,hectorruizmex
2584915411,bhyxm900
898821829862858752,Hellinvernel
206457337,pdeppisch
32428331,yworks
1119878405858709504,frad_fradi
256925672,gudrungiebels
752858242477355008,Sisco1real
95575650,TheOrbifold
529008588,Miss_Placed_
842067043012739073,marco_kerkhofs
4736948260,MarcelK2001
54822997,darewish
38385500,drkdo
457419220,vzbayern
1082948041328472064,QMweitblick
1211899922930229249,DavidMo85176905
251644391,Cocktailrent
2600373032,DRKretweets
797851845666471937,brkaktuell
711097405207351300,MonacoLife_
240964015,sayf_amir
1100421654,tasyatari2
768146908330258432,BernsteinBank
3943031,rakeman
721195337,Monaco_Info_
45956686,terboehm7
1232299918624198657,CoronavirusHr
203159884,rcknrollernurse
1160540743712354304,Somaaaaaar
23832732,akleinwaechter
2319681003,Melian0907
836880447716098048,FrauNicoleHB
2462998752,tackledboat94
3165870010,Rico_Walde
1142643956,dakur74
3045086093,rwby97
388345395,pagliasofia
3131140427,AssasinoPRO
1170642374923608064,MichaelRoleff
1076179222673215488,Porticus2
1214887924459823108,kreisendaigel
712462224,Numb3rPi
1031524610527907840,BlauKarla
845377222009606146,quer_tweet
753603847,MartinaFleischm
755817752535916544,LucaLucario1
224651746,Heiderosie
28530910,Typhi62
987717045537136640,kiyato64
1081712591515385856,Luca73008245
245288058,chiller1101
34697271,greenIMMO
3118078631,smartie686363
546343933,lisareid11
3456822441,MrUlmrich
76403269,sebbi2
2743614730,evilknevil
2340812917,heigion
95215230,peha23
617807433,ka2ka555
80262459,PotatoWilEatYou
353318402,ElinAca1
62237275,tlttw
46706931,shanniedesigns
34898084,vvanwilgenburg
4781924359,j_reynolds_1
2808582311,cooltagged
1582882032,vzbawue
4703163741,DasBlutigeB
983136570692722688,DavidPDuffy25
4577311396,Triviyen
609972369,UllmannMdB
501061708,CaterinaDoglio
2207851705,PetraBentele
1175033480,ElliPohlkamp
266106751,CheHambley
986306184,Najib_Script
1232295777038368768,surfer1_silver
28576135,thejointstaff
1057532976039366657,BIsmaning
622787824,achates1965
91582447,RedRainkeyboard
101532348,nayasala
211913101,dilaras327
215573012,pflueginsky
1207695163818225665,_Anders_denken_
757632838535614465,AnLtsch
119407077,HQUSAFEAFAF
2465141545,xPakuja
323357696,Skywarn_DE
985187502,evelyn_nopfs
520933275,MeanMachine08
135280196,hauwech3
18044059,Metacowboy
923308626114203652,aaroosaakG
836421383987027968,OscarMariaMay
889564336682926083,Maxth96
1353176904,BukowskisNephew
1194414159661846528,InvictusIHS
1230799038133555201,CamarroEdin
1062865964,fr0styvoov
778014138,Massimoguerrera
17424958,derdino
4577700922,Deepmindedchild
931293244461342721,SBCHRT
149861285,svenson_de
271363514,Zwiegel21
1101503934118719488,toplessjeon
4323360802,Wolfdwell
2152983800,tagesthemen
927647719782539265,IvonneSosaSanM1
748867380240125952,monaco__info
44578918,TB112
2312954490,andyhk_gaming
550229897,LTCComms
76460114,El_Lemus
1178223193389056000,freehkhk831971
1190772879048224768,Cloudi71318125
3243090190,RickStoevenbeld
432808393,Dieter_Mitulla
1175352170012643328,frantoiomustafa
188704345,army_rp
952171274,Far_Niche
480213073,bee_k_bee
1117388771098595329,TamaraSchwedhe1
138828079,eurogegner
1231590912,Lasalle922014
1051913280556605441,mon3yca
1010829058769334272,carben2020
3046050181,VieleersHans
2609598564,LaDolceVita2262
3587552002,sfRTBF
1213274423064547329,me_for_earth
1026986161976369152,andrespsico81
2522828272,nasanasal
2514404994,rajawaliNKRI
94320104,takane10407
833820320,IlonaKickbusch
1058345132284674050,yasharsarvi
249612583,topptina
1103381384,GSCambrosio
93297244,claretfox
893516426782412801,diginohub
323788295,medikation
1127241005680537601,hinterhofposter
4710356447,michael_b28
701091818,buddepiept
64681292,worldkidneyday
33963274,ManuelaDjukic
1224394967289880577,unabgehangte
124473081,ScherenaVaelter
701700054080425984,cgpublichistory
71484559,Rudini48
482344128,haeuserhans
2495163542,vojacq
93844846,skba_de
413870486,giorgia_capozzi
970718903474315264,EAS_MAG_DE
342154375,PetitesAffiches
1147099241866760194,Steuerbr1
961608828214304770,Harald20972979
2839462971,Talesun_Energy
1012251713305219072,Chariba1
49968109,lucile019
112526774,Michael_Kunz
1174610874222485504,ffpentathlon
2734207457,buss_alex
954731113146134529,Fdrationdesynd1
1195059109126692864,turnschuhkalle
81122707,meincoach
3128766508,Frau_Lange
1198789568214044672,krallen_3
60598700,alenassisi
119485813,Anke2302
167574625,piliova1
1228955551641542656,Josefin27524399
555059644,MartinEhn1
312030543,janzawadil
2762952938,arndtchristine1
807936362976575490,Baron_V22
303708846,Jonny_Osbock
89142274,Boiwen
275287218,b_kurte
2802155333,Margu501
132456905,TanaWuliji
19083719,raulpardo1715
129514240,MonicaKuepfer
4904669765,PirateSecon
724617501628313600,Kofelheini
217749182,emre__aydogdu
155866734,eurosecurity
27234572,Ink184
364307547,sdkbusiness
878243294144339968,Juergen_Kappel
744840216,OnTheGo2013
1218111005017899008,cypoda
1148662551728840705,Katarin85654347
2466766748,WWCOTY
1700736908,EEkoray
323369190,amerlanda
818747202281598976,RockyWang66
991757240,MariaAdeleNari
48798710,Seth_03
908212657,Talib_e_Ahmed
157662362,Amrkamal512
821087043019304960,arca1317
996745767384698885,archivpolitique
633829005,diekrausestirn
978246900825632768,Miiattack1
827541129327439873,rothausultra
3531994695,HHDSeb20
2636203308,scrittrice1307
926205948,p4rt1k3l
2301580002,TerekMedia
528480384,uandarin
462083773,GerHerbert1
1560819031,JonArbuckle6
38251342,whereisemil
2667454085,viktoria_stupa
48293768,stine0878
1194174842724945922,Bchsvishnu1
261554992,tatme123
1154340469461200896,HanifiShinwaray
2593516956,blujeanluc
878640954118467584,_fuzz_____
576043483,SmarteZeitungAH
1039512867010035713,GermanCzechCham
6849132,harrysuke
851434250993901570,ChroniqueGerard
378348861,joshuap103
290398274,_ukasha_
790150819005997056,netzpalaver
721321723719761922,beatrix_doring
1173590585250385922,mister_ade
246042297,suzy4peace
4865276057,boband75
858647896945639424,Dingle1995
822339913362374656,Muhamma68620119
836372455849607168,LilianAbuku
1217049349869445124,CalebDaoud
31667040,DavidARader
1207817132375003136,setgram
78911279,Radio_Arabella
2913858227,arletevonkries1
776126255309676544,arnohb112
59526357,jhonnblaze
2636272687,spoekes111
2467302827,hpieritz
1217252208120516608,CitizenLone
236095619,baszweers
1068802172,xaheer_khan
2190434881,PCBInvestigator
1153941580195274752,BernsteinBankEu
1220070707067080704,GeiterVolker
1103243518707929088,derWind_
924740747861069824,KGAnnaMaria1
1168502463575613441,TopFuelNitro2
3112705695,DieDani_
189607899,protagon8
198285759,AleCant
989494807641903104,MBoccoz
2498046205,aristeroxori
122146038,Mattenjahre
2780585793,RalfGrabusnik
966342112085147648,tomstrainford
391238949,yep98
1182378068,IreneW1812
716186215,MsPipoli
138848359,Klang_Ruinen
1403261,KlausLovgreen
2239468784,MounMir
158758980,CTomaschko
948748144745074688,LilianaSchtten1
234510237,Daniel_AFP
2536924194,gugussette1
21754949,hadviger
188450865,dentlike
976835361707102209,nic1711931
4727319856,vroniixi
976167574785413120,MyryPass
999174567489875968,BirgitBlohm
34318759,sciubidu
3125879559,NeferiosNor
811236275462303749,dr_exak
309801463,Comuna2Recoleta
4765056676,gitzaniadzefix
1543280214,seifert34
1004336722065444866,SchweitzerKoehn
737142202481016832,chidambara09
327858593,anka2356
1321029128,EricKigada
2967388423,Vale211LH
23490130,minzi8mango
1181425800567934976,AlisabethSubra1
1192669892627107840,LoreSol91794330
1143811172413640704,Pontsho_TVC
888515685802020864,Maria666Crisis
14255314,arnoldwender
299212398,LambrechtO
2657878061,66_orpheus
988270010,DesobedienciaCi
49790406,Pogorausch
1025812433972199424,jasmin_prez
409526422,sweettweetangie
242337435,dtwassen
758701200615305216,allelectric_de
1223314676710289411,SoizicContin4
1046617617472065542,malooten
44955185,VUruburu
788158925740838913,Joerg_Nobis_AfD
1073283570096066561,innenweltpolit
558507286,Knallgoewer1893
473220410,Cri_Giordano
756901280824655872,BruniWycisk
1067264743,DanielWierbicki
604584553,sport_thies
171092076,deb_teams
775343888752074753,Kontrastfarbe
1144569125790015489,HealthVdk
1048184969380712454,Paradebeispiel3
54534867,john__rosevear
535869223,Erik_L1965
886141656139005952,arogis60
1145319596,MarkusRosch
1112913144568037376,DomsDen1
604991012,LegendByTheWay
2704884045,merci1893
2283717168,MHF1893
346303806,luisffierro
204701368,8Adison73
1137089827,Monia1420
264525378,Stephmorenot
1961291539,diehoermupfel
29681556,christianegle
25584009,CatherineSch
1191129860812529664,Glucosio6fosfa1
17779882,theissler
1097254726171852802,KuttenVfb
756558246677213184,luljasagi
853061770235260930,Merckxcycling
936576147189575680,GrecoAgostino63
1184210048312066048,PolitikWatchJS
53370979,EdgarRodehack
56469557,GregorBrand
1181156717180182535,Creolus_Magnus
1578611251,Arasmelek1
407009964,CIOVoice
1226216715874394112,eularovskaja
82878134,anhub
1136964538459447297,Systemfehler16
1075457745334231044,ArthurS_RBLX
1074920824287707137,willspass987
39111532,Eliza_Muc
15982418,gutefrage_net
1227841864969134080,GoinsJudas
1134453168589479936,Gracias68403727
834736730100076544,ik_comp_aut
755398150077181954,WenkertKai
29409786,Wriseup
1153599255162040322,Michael47133904
449314153,dwatchnews
57948772,fasnix
1215624921046507525,zwitschgerl
1166256543333048320,compiler_de
57294020,Prof_Buehler
2754525981,duesoli
2491992863,hexmtw
852248999516090368,ATWIINEMARVIN3
259043737,antaramir
711608377789562881,cin_sarang
1111608295381446656,elix_23
1069143037,Eisuke261990
1225814268718788609,Hasi10209552
15132914,EvoMRI
762910616189280257,HpHochstaetter
807685160372228096,Michael06302905
19613633,goebelmasse
50616576,harkank
1123680822064754688,HonkHase
54340293,blumenstern
1121959026663677953,lickquids
757318478009397249,Hasan090969
1225170233138319362,LeDuPri1
969620658186588160,TobiasBringmann
989407238543630336,domiburg
803078648416739328,Marianichka
4858453113,delaney_usa
84013497,CarlosCarCarli
605434880,2601Manish
931477381,ReneFriedli
51051883,MarioSchmidt69
222845201,Besuchow
114770953,wboricua98
2561231646,ThomasKutzner
67334963,OskarVitlif
1643659700,euras0
858259578181500928,LiaoDeming
559775653,Sonic_Spear
786857616249094144,digitaleweltmag
1131643162127159296,chris1971tian
616002513,gerdlujo
3056312591,mschmidtxr1
627394798,CarloMasala1
56212591,steve_lux
1128276494839631878,EllaErbse
23675741,OrangeCMS
787628490715783168,beaguenz
171905823,ottobuch
19452078,HansHufnagel
2862182645,Frauenpanorama
3944774296,frank_juston
824000458335420417,imLebeneben
1035115187907567616,SandraLustig13
1217907223671775232,Raffertraducoes
87628572,mantovan9
933679869980012544,Knorke1000
1183033554558697478,ViolaraZenz
1674411265,FelipefajardoP
1916961271,kiekskes
22848223,lcby
1132885444574797825,LiWenliangAHero
1202349757655592961,Ogie86022994
3205258083,LimiteDeRoche
4103642913,echo24_de
1568648821,1Osceola
780807556008509440,akiakbash
98941070,CC_Rock
719245821,TruthfulOften
17231075,barbara_roehrig
1092701221901742080,IHK_MUC_Praes
74667452,mucradblog
1073321411375230976,artep21
938803469594644481,Krimskrams5
38781064,espy25
2865982579,datt_thomas
802959501737463808,BernhardZimniok
94194247,mrdef26
74710656,executivenow
876132866945683457,Mussolilyfail
1217710249,PatrickMarieRom
215958366,Uwe_P_Tesch
1159749038335582208,DieterFrump
211144049,clehni
978591930,yung_kyuu
3408446297,Flohri_an
719273037380640770,mark_and_draw
122091191,kfz_betrieb
355569823,SinnerAnn
15262064,Wildlive
4406016554,failureofhuman1
3372133420,bernarchevalier
471838441,britta_moa
3044620756,BubiKaraya1
1179373485237379073,SvenZuchner
1158112771,beautyjungle
456663777,aktuelle_stunde
3251391339,Hurleciel
1199304348012072960,KatiaManuel5
4182174089,MastersonJill
1217048308037967872,TitaRuffo
2714205733,btmag_germany
903996667199983617,KortzOlli
15406296,AnnieMuc
273728396,jennylynn41069
1374333223,andreasfrey5
20232684,martinlindner
22922688,BerlinHonigJemi
542778182,MHCMCounseling
1208728650427895808,Math10A
2722863769,LuckyLuna07
826460648263540739,Ulrike_TW
26489924,tamte
1125716187395104769,SophieSchwab5
1047575717955997697,DianaGuckenber1
13616592,sieverts
808767477769506820,Alam_Chaudry
705637562870681601,ArminVomOrk
999922471238160385,0608Kaeru
338605214,klardenk
402880834,2nuvola2
15111156,ronsparks
756597010237648896,tipdocde
2788918167,SolingenNews
75530326,lanzarote37grad
10502572,danielberlin
586738847,Donauschwalbe
1008421246227361793,SB19581
310997831,realJoergW
47905449,AXTX
867807926,NewelMedia
4885593701,_Demokratie
1227600633076776960,RoboticsTeamPr1
17896003,Stephan_Rauhut
920276036809523200,ChEnenkel
835913872922013696,Felix_D_K
821073631409217537,Maxitainment
1139592585272594434,YanisGousse
3689777777,ECMOdaily
18482511,katrinhilger
957981607620677632,VfBruddler
1552982012,peterroger17
2916258867,PSYKOfuckinLOCO
221716094,waschbaerpower
504643112,ChrFeld
931921161314807808,Lanyihunter1
265300486,MaxZimmermann_
1230040057085669378,GabrieleMayer11
97371290,GKlamt54
162769774,Data2364
1171083050031157250,LaurinLues
108606052,reklamekasper
28757885,aoxu_
1136810036,dansiela_b
1029084199725223937,HptsStuttgart
875316446078922752,Herr_vazquezz
2280602090,nn_lokales
1197498108395114496,elkemarber
63675700,kma_online
317742707,Franziska60
952183990391320576,martinahaebel1
3179103314,dwatchnews_eur
299900096,Foued_
299650387,jensspahn
367888847,PieSper
1002945675057946624,Elpida_Hoffnung
747327834494898176,HenkMolenaars
949314633919234050,Deutschland_77
954851296380628997,SigsInfo
28959003,extraetf
198433886,2wayfreak
3387326685,karaNewman1301
785801243939704832,GedankenAmpel
4340793021,kahlua057
81798714,tr_TobiasRauser
379375791,stellabastinda
18976603,PeterOlsson
361132426,BurkhardRi
39469022,ragingbull44
801569745296379904,DLeubert
910123708253052929,herohatta
563121332,55axissans
1161173327790170113,CassandraMare
1182288786576871426,martopirlo1
407279353,zoiland
947757876805885956,quark_im_kopf
787309598155870208,MG__Racing
162670813,matzepan
969756142787207170,Seounghakang
1154372940655448066,Ramute88898829
4248555617,jens_rabis
182157530,phenomenallevel
2353086663,LeAuLei
742413846854406144,RuneLinding
845128098009927680,IzUp2u
1136935785234669569,spdverbot
36335603,1stSEO
973182536514973698,Attipaletti
5734902,tagesschau
120675100,Vilavaite
608828957,MuenchenLondon
1092525401572806664,rtib15
1332287586,skarowski
34565873,AntiUnrecht
2589818520,corby51668947
238602395,AlRawahi75
1119999613761724416,Petra50783845
940669687838445569,enn1e1
572817456,mostro15119736
1121287417036771328,shkbw
18354826,goia
3093323463,1PortionDeutsch
1100695499651325954,DrAndreasS
446509968,ABCHAMP11
1182563394215387137,JoeySchmierer
711960734729687040,GunvaldT
2760099512,Dorry90
2988362676,EenWiesDing
24887255,invidis
21194134,L_Bank
765156738379161600,venise312
1427419310,bastianoenrico
266927776,_Ugurum_
3131268149,heisebusiness
80851674,Kommunale_ITK
19332615,just4business
19061078,tjannot
20968500,eMedia_by_Heise
140928235,hiltonholloway
808416218,FrankGiebel
104115486,shkjournal
77761192,peidami
784140826129657856,Maximalminimal3
4758118581,julius_dererste
2597892733,jo_mlr
131477357,SusanneLilith
63134186,secIT_DE
19452032,mittelstandnews
1891253906,Nahe71
583973349,Bird_Schulte
403202076,GrimardC
19088322,bruneva
1154747160,lilo_lulu78
2868669795,adventure757
85569220,Bobby_Network
126654365,Verteidigerpost
237000138,Heavy02011
894384300744888320,theidlethinker
3353908955,YviMiez
756567162031079424,ApotheGuerilla
895494950,lauti3001
714897836693987329,eummel13
3377480038,ankebrk
81948972,twittlik
52396822,autohausonline
402839636,RogerRaeder
18308620,4Frankie
1004032389167935488,EsansSelcuk
479455371,dalmu41
4871244362,ZurichTimes
2885469635,LjiljanaRG
360177635,mta1209
47644963,autoserviceprax
365590517,hope_no1
792500254620917761,DomschGrassmann
448785529,JoergUl
159133559,pilgerpetrus
1415303600,WillingThomas
775938072,AnnasBackwelt
3083343255,lill_mii
23780295,MK_Muc
2532650672,SuedtirolKomp
317087098,Infojunkie22
760731659251712001,NoortjeSchoute
1511361530,seifriedlich
22510457,kesseltv
1048536677264842752,LucasDeMichelin
903502028453933056,slim_shindy
2925148059,SusanneKleiber
1310569981,Cinco101
2487721413,StaChelRocHeN99
830528899612291072,nitemod
911261471698427905,BasaltAriunbold
366896980,nubiaredondo
2987684853,AZNRW
827524388161409024,Pakay20
1130946022379794433,EBuisson
114214967,JuliettedlV
20531864,MarkECraft
1037479006029926400,BushcraftRhein
1908494161,anitaalhelm
89754077,roxraiyma
44926666,Gulbi56
1196005359581892608,TheaTiger3
637359277,stefihane
2302769958,MChase1611
4704095121,ThorstenP76
2289843524,BR_Oberbayern
962984116902821889,rikpattenden
958803253642321925,Baron_Snoopy
1180839562635087872,LoveBeautyZ1
1359533838,MoSchaefer66
420224264,Joakuhl
845415526407028736,jummmaaa
1183975422863773696,Minyas49866842
1215398815848632321,maritaconchi
19762728,SZ_Wirtschaft
58748236,bigfundu
1053247241618685953,SamuelAkins12
51014850,zimleague
847187905013526528,FIRElifestyleDE
66958647,CP_Redaktion
1246272421,imarsaal
546295587,SIGFranya
2994143782,934Fantasy
2455341572,Parameter79
27162938,calvinhold
1523493061,trusokoff
3194071636,pettet50
111875484,medimedi01
952516574350487552,luv_BTSarmy
1099378329663270912,AlimBughra
1084431,klauseck
464793114,cinthiaminola
705082155693707265,jww372
205404047,salzenst
902928818452738048,WebastoGroup
10322962,inoque
201284086,pinomaglio
3317029754,su7loo
268986118,AaronAuldDE
477376032,wienerrosen
19898016,anamika13
1401643616,sally07April
1228576427429285888,alifie19
1055776939569483776,MmeAlejandra
107559429,newgat
1021628950546718721,Kaderleiche
3014017373,HungerlandEnno
3956049136,SteffenMW
2340271015,DominiqueDufils
1205617139606020096,shiawase_omen
1226976024035909632,lliz10665710
368841203,hunterzai
1619787823,KradeWes
626905326,Babyalarm1
2254118970,MapleLeafsEGO
999531806834790400,James73903485
1308061878,Cvijin_separe
844909423948632064,Capt_Castro
2737436027,MwangiJmacs
750600770471559168,DorisDialer
4819054193,alderlafralle
885122988839796736,Mondquelle
1034488561918201856,MonikaHaas5
876909132351234049,Oelzweig1
23930264,Deplorable22
1035815510842200065,berg_loewe
804516253251567617,BieneMalaria
777287522334507008,mfreeman2017
62757067,publizistikon
1198808754080419840,lemalier
841672903,TalentEngagMana
4038071079,nghrbi
1136221685877579776,MWS20265537
61147761,CSGeissler
854729192226910209,ralf_kowollik
301975565,GtzSen
952212357698203649,MGorju
2821611,MelTalksChange
2419015484,tistel22
3384890716,yoga_and_more
114696822,BayernSPD_Lndtg
430729136,rglaab
39994751,BayernSPD
2784332684,JMartinsFilho2
1174374321072082945,TittyGf
912661663,emiliedew97
164216022,BFM_Factoring
735024713353809920,MerckFinck
738015595,ELewald
4257007221,UweKoesser
926124569047502848,sarkasmus_sa
2981834175,_Salpinx
808725472553168897,hesti5759
451454179,BarbaraRittner
1047772215016656896,SanjivRanjanJh1
2306687558,CuocaInAllegria
243712737,maubertiii
1212844360200359936,Ute28978037
2219021691,NiKRO76
1073496504378290176,antonie85321896
1229759418662825985,Hg20625812
20344328,michabl
892118401,spallaxo
13023812,zwierlein
566403812,ENRICOBERGIUS
1070519030,Agentetzel
1229751206932832256,mue_med
4278120573,NAPOLEON35170
949323923136696320,gregoire_jobin
252049811,kvmmn
1086095868,xavierhmaillard
2528762973,Archivarin1
1323328058,JBueil
111575477,AdeHess
801476435277971456,h_odiug
738097177004810240,pmmaniere
1101945843869995008,bertron_lucas
1606690051,gezi_murat
935627051339481089,Gregoir20087074
749017560,Marina_Ilona
753752949147443200,ren_hoe
852418878114332672,_Sonnyasm
1105521178402267136,CyrKa67
1016618290473586688,FredtheFake
919598362726453249,Hase_Zwo
21791254,Urbster
39791366,HAMBURGonline
1231172520788799489,dr_bremer
884840090538790913,DerJames1
163882971,menorajola
265573195,blackvelvetHR
844146855281917952,HorstArnold_SPD
756579313147908097,DorisBrehm
1110091339,rjardon_spqr
1491493434,In_My_Image
404767593,shelshapira
513734171,GaboZenteno
736704024,tysonberger
964069231989088257,Kainat2018
128552748,Bernhard_Herget
3403949627,Balelt41
122689744,HelgaKoenig
1470650814,ibikus31
2153558148,vaibhav_think
871146577015996418,BettyErath
2488896032,PlfFans
464656229,hrbruns
1175056664,apd_info
932924581425315846,klages_uwe
863773182,GiampieroBiglia
186759356,mohd_shakeel021
1228579819107102720,POccurence
1192384677987966976,Burkhar76565003
2397734442,CESifoGroup
49944142,frequenzfisch
355598206,ABartonMacro
187572280,ARichartz
3101732237,agricolabs
3244970475,carstenvennema1
488414769,AcumenFutures
849962690042880000,MatLuecke
4654717877,iot_automotive
52039877,Battleangle
43292555,dominikdirekt
179547600,mariannajoos
1019190660400852993,BayernLB
1191704064255496195,FimNapoli
719914068698664961,FuestClemens
91817792,johngaltfla
625478942,YoKoGFX
157931803,bunyamin_atmaca
1222220523481989121,MahlzeitProst
1230614328925151239,MIHALAC91841232
4707038073,Nebulak1
95907838,bayboerse
2394050364,ifo_Institut
2434081019,mpfeldhoff
3055711434,Ebi2210
2150901125,FinsterMf
1034821377361149952,DieMuenchnerin
427690444,fedebeltrami
2449437474,Bente_Jacobsen
1131180187754913793,Darbales1
797929153966313472,WonderruYt
1196877816513597441,strahlengriffel
404275237,Guiditos1
217255169,Coocooo266
20036281,fxdx
3039377895,Riotpicsmuc
187679019,jestreit
1151158621859790849,nea_storm
1533934352,Bellfrell
2589059304,Edorsi53
289991058,fratello_BB
22473618,improve_this
971400748574674945,simonaFRECH
3018738275,sergiodadamo
3054960644,k_minipeal
361757017,ilsaputo
109798805,boxticker
739422188,MEDIZIN_EVIDENZ
3208860243,marcfifaeaspor1
37997633,adiljal
4192961459,Net2Ayurveda
381504847,CaseyCRL
2788607747,JCStrich
428470798,martinlangeder
1010051995,MartinWrld
2824028908,sirduke_1
1134470228044341248,BodewellP
768064268625383424,Inselkind16
38846238,PiratenBW
184388747,nurulshanti
142197693,sebastianhrw
274899710,goettinderjagd
3169294733,GoldSusanne
585525245,elenababoni
42641395,PiratNrw
871400588365504513,Ankerkirschblum
1218935573269880833,DunyaHorra
985575074068656128,MySchadow
982569349,BarbaroTweet
959676146001440768,manchu19320301
1042499257125806085,ArslanOtkur
188771108,zahidashl
3081225083,LeaKrug
1195203837226868736,MJunaid75148371
844580324235497472,anjalwg
404779717,Heiko_Eis
1196839807625891840,Odysseu05762772
166982073,KySim
1174136603801001987,PodcastElite3
1016319861780369408,_quarantadue_
1031308505968340992,UomoPena
820317464613429248,CharleyRealtor
2968689509,coolobzo
736185001457287169,helene_wpli
1547053712,marianelawyer12
191027377,vdloos
161248674,ziedbkm
1883099324,nadine_s87
1231548565450874880,baureihe69
854284094984859649,Mike_EP1
1225004369629741058,PeterPi15445444
2766261999,Kuni1812Kuni
937422935433859073,youngtraderwlth
4116517995,tomas_villen
92806561,mirwaliali
2840183001,o7II_anonymous
348068881,Aishasyed60
3360639395,jerrydreizehn
824128021816897536,urbashah
718440724090458112,PAFQadir4ever
3042351650,AditiSBarar01
852448997541326848,Der_Teckbote
1068488516542373888,KI_in_med
1005507505336782848,Zabbenduster
2697081012,wwememesracers
786113892892180481,sandra2519691
90877676,Mar1963kus
1423994479,TheCaptainRei
1159360566919647232,Funthomas_1
2805367247,Shornstain
1019804604,xmely_
91201431,lOOmitH1e
39335597,PETADeutschland
943399011293323264,buda_anton
918153393746665473,PPMMal
1952022757,FCB_DIE
811495722298343424,garrixlud
2908014693,schuhmannsteph
1116308816923066369,Schneid65550329
607159536,Zeitgeschehen_
738358276560150532,FabianGramling
1156922615094796289,turkishrose2
813917247639093248,Gamingquartier_
2195248421,vcsizi
617093358,sunny_sommer
202423448,Senshi006
293940667,michael_kling
159134717,hunter_hamburg
2821196080,archphant
184517401,newborl
2476201281,Alina_retz
470791084,gonzalomvr
2950706931,6kYjm
3093442141,PorscheBeirut
87186946,hexaOrthorexia
377249170,Rosenkavalier70
419100683,chehade_ziad
771104194635898880,Jack_Nelligan
2617021636,MolashyBoiz
2379366141,PorscheNewsroom
1143244324483870720,iAmTheRealSamu
2595358376,tgnlnv
722311549520637952,sh0g4n4i
1611392006,Erna_art
1068102190344982528,jamlimasore_
124098537,sikifooo
235887685,MauroGentileTv
619888057,julbhoffmann
1221022446616285184,drehorgel123
1028438369234309120,dcconsulting4
1110945665713086464,cEVLkLaA6YxDgHs
91955218,Penpen55
3747991577,Zoltan__D
887603993282826241,wishingstar94
807856115799179264,news08151
1308675804,MackMatze
293277139,Pseud0Safari
1548849403,reimers_37619
784903714045829121,DrRueckauf
887561521,dzhray
1323080893,Bonobibi
3233782181,JoongWu
881977445955645440,MatteoRenzotti
729260371496849409,Christ27743331
977605577827389440,CastellinoLuigi
1415288328,Uwe_aus_Stuggi
1522323932,mediamosscom
1057941045550419968,Arachnoidea12
86798117,jcgka
1229689107258822656,Icecrea97409142
812532798,polasein500cc
1136522773,DominiqueVanpee
391304315,makemoneycfa
158778194,RicoOl76
819514820642897920,dirk_pietzsch
554858856,robin_hoodgoode
2271371657,MajeedRanaHina
728545539005026304,abidbukhari54
41633717,AntondEpinay
63865064,jessicasier
3049797029,NabelSabine
152106544,NatAlt_Aust
29672904,955charivari
753887921070084097,JuveClubDocDE
3001920142,Wahndel1kt
21400571,S_Kraemer
753370579,AkiSonful
2995893279,iran_journal
4858786161,marionegrocueva
896281534537269248,Arybocat2
1069480596731129856,sharmatechmojit
960482270481145857,TinchenTrallala
4187315422,monstermum75
2326573022,ranocchia3
112091630,mianek
3026432061,velerojo
74056467,oldswordsman
1213359789801013251,scepticobserver
1227956017385889793,Naima81060428
836903864083353603,shopkarishte
336770410,MrEfis79
300390038,jolicoeur11
3395777655,0231Jana
89418222,NewsPRCOM
4860518673,GabiAlbrecht1
1227276223027519488,STreindl
937184928,GoingPublic_de
827137320851800064,hopaherbert
37934185,njsyndicate
29140437,mithunoorath
2526047631,mymichelle2682
3308375333,StefaniaFalone
17440171,RaduNeag
791634705259036672,heiko_jahr
776456076778668033,kassandra_troas
819428504,LObsdeMonaco
521692831,kricketkrackel
1006287719578984449,StefanRChristen
21740902,DieBedra
401950148,sonja_steckhan
2714596672,PaolaTacconi
1701930446,thinkBTO
443113034,sinternullo
2634639947,Wendycroy888
885849167674957824,JimKruger7
2727197637,smksk07
14211362,Steff81
333843695,schmuser1
39757920,LakehillSoccer
3044542377,Wulf_Bloody
146569971,CDCgov
1101354170,ZDFheute
74720685,embedded_world
394247490,Lea_Deuber
51661036,lookner
57589796,LBBW_AM
25531576,fiat
123942210,Contrepoints
121690511,fabian_theis
294120449,Siemens
2322603341,GFelbermayr
972027361863634944,armin_siegert
20523846,riotgames
1093090475375058944,DIVI_eV
172884537,Der_Dutschi
51241574,AP
864682641030750208,IceAgeFarmer
51029096,reichelt_el
91147932,VosgesMatin
851496036472324098,Markus_Krall
393433404,MohamadAhwaze
239097889,mannelucha
97530140,MalteKaufmann
794631618,richardneher
236131165,06melihgokcek
41116723,manomama
15161903,Navahk
25101190,hollywoodundead
10228272,YouTube
79124132,elhigadodmarita
3155944905,SebastianDeliga
1542862735,Ryanair
3002862341,BBK_Bund
150725695,Agenzia_Ansa
600345740,olivierveran
102939601,nice_carnaval
59091405,ITB_Berlin
138203134,AOC
1364378809,rki_de
2191795613,Powerbenz500
275686563,verge
4814182687,ErikSTownsend
2985479932,BNODesk
14700783,Fischblog
18047862,faznet
109575025,CHINAPLAS
2347049341,voxdotcom
861504176039374848,CGH_TUM
993945183766175750,JensonFly
1083628690393698305,Team_Luftwaffe
872589567421034496,dmncbrl
3480448577,schmid_claudio
2097571,cnni
47323734,BR_quer
25360913,Lufthansa_DE
558866314,howroute
30261067,CNET
1263781075,StoergroesseM
247900709,boxenlude
1274709210,MarcusPretzell
35287180,morandiniblog
37879602,FogWalkerX
15427879,rponline
14499829,WHO
25073877,realDonaldTrump
14647570,sciam
183651742,unsereOEBB
16081264,andreasedler2
52421660,markteinblicke
16501566,nicematin
381289719,nntaleb
5715752,zeitonline
93295809,JamesGRickards
47938664,mdefrouville
20402945,CNBC
3330020903,Interschutz2020
19232587,ntvde
9204502,BILD
407692841,tagesschau24
908637973436084224,welikeduel
732817452569141248,RobertoBurioni
2369138496,Helheimer
25734965,neonlicht
150323423,ZulmaCucunuba
208747752,AuntMinnieEuro
447068244,MrtinaKoch
1108775715363803137,BirdyErudite
70385284,wordsbymt
1098236199058239488,livecrisisnews
2896212393,Island_Cookie
240823321,DOSB
556751116,KBMusicmc
2780463479,cliffordxos
3026970505,drluebbers
23623762,jrendell
26203977,Saefken
57350105,ZDF
1123591430788792321,EEnergiewende
1008371290267373569,simonellsimon
76914615,toonsUp
1083010305351921664,aiways_auto
99718385,_donalphonso
2301202764,keinlemming
947238380454150145,deutsch365
57296043,DAKGesundheit
1526970595,CCRG_Research
760769144182730753,smc_germany
1627783842,lalli_val
469195976,GeraldGrosz
975843259,Transparenz1
916684344,FDP_im_Rathaus
1224724147596660737,IfhIntherm
270839361,matteosalvinimi
2849311727,sophie_tann
770556029222486016,Medya_Muhtari
1620250698,rbb24
36713389,reitschuster
19245170,georgrestle
196596790,christiaanhtznr
1010174381656608769,faktenfuchs
1022729538516791296,BergmannThilo
566637962,FukushimaFacts
3111031383,rosenbergerjon
1124889985,ESLDota2
3108351,WSJ
3032381709,NYSE_XRP
1952015173,m4rgotkaesemann
495882009,ProfLopalco
1034847431068987400,ZeitW
1854562046,BMEeV
405655063,ShakRiet
82073850,Light_Building
129257660,smascherai
1358146357,RudyHavenstein
14273050,NZZ
1146329871418843136,vonderleyen
183036873,amtvmedia
47438401,RichardEngel
1111403706,tanjafieber
400671340,TigranAbgarjan
92230638,hellud123
39999078,DB_Bahn
4228788018,IsidorMeyer1
1180187419473256449,huradax
11136212,Danisani
49923073,Nice_Matin
452830010,Asad_Umar
3435483345,fackfellowat
54502344,MercedesBenz
420204289,RichardSchmitt2
171463921,labrador14
1226140324512358400,DoschVan
816653,TechCrunch
106855826,MobiHealthNews
15647855,useucom
102452340,Everbridge
